id,DT_CONCESSAO_INSCRICAO,DT_INICIO_EXERCICIO,SQ_ESTABELECIMENTO,SQ_INSCRICAO_ESTABELECIMENTO,NU_INSCRICAO_ESTADUAL,SQ_ATIVIDADE_ECONOMICA,SQ_VERSAO_TABELA_ATIVIDADES,SQ_NIVEL_ATIVIDADE_ECONOMICA,IN_PRINCIPAL,NU_ORDEM,CO_ATIVIDADE_ECONOMICA,NO_ATIVIDADE_ECONOMICA
0,2010-03-29,2002-04-24,186566556,619114000,76883331,620444488,115541246,60979827,9,9,R18JJHA,N9E5OBXJZKTHGUM9HYVPKKFMO26V6K60PTW7II2MCYXSDQTKAD8ZEU0FUGLM5QDPHEA3QPLV3GH2W2RLBVTM2O6HTF5R2TQEMLXFT9IPTAPF1DY8B85TUPC3ADVHFJWB3EMZG9O3AIGJ4U0KS18F7GIPHJMUWT9QL0F9JFZY8XBZCTKX5A9Y7UHRO8S1IAG5PJYEVUMB
1,2009-11-23,2013-12-06,479915800,231771147,81421822,886676144,832188361,957869118,7,4,4VHBVBP,EE10RYDVEKPM4HCKVDL96LHT9ZAIEIOUCLU2D2SYTD0FZAMAV88ZPL0WDBNQZ4FGYUPO1S3O71QXEDGCG5SXLNHRUNOYMPAG3E54TPF78OOU3JT7LT2SNKRCET87680BCY607Y1Y9C10JVDVK3KXXFBN4JGW3RKKS5T16ZCWP8K7FLF7KM7O1DHTEAHFJFP984BS75P0
2,2017-02-18,2010-05-31,785547147,509523694,78206480,119564592,41253111,294046441,0,7,G0LMCIJ,JVE9DSTLUP3PIBRHRTF2T9PDRCZCRL0BGCZFJN70XIK2PRO3Y0UJ78I6C88961I3QRPSBDH6TSHTXKXBNRLBFV417ML7FLIKJJQM2EZXOUNMRNHID69388X8QEJBYXLAWFLBK18KZSZG472VIN0PUXPUHYMOZBFHKMUDUPUMXT8ENN3MJGVPLWG9A9V80E6NIQZU4II2
3,1991-03-17,2013-02-03,706958716,297961015,53278525,619322350,167975390,40316749,5,5,8ZA3VY0,SPSTZ33VVAYW6NWOZY6J1URC4HL4ATL77D8PFOY52FTHTL3SICW0DOU1V6Q5KGADWRXAJCQW3I5PQ0EBAOU8I4U290HLGE5R1VIC08RACGA12UOFHD2VPZVMNJNXRZS9NNP0IHVPK3U02TXPWMW6Y96C6Z953CFVA6JCD9ANS403IKA8GQGSK7D0GVQIQTW6VZABH33P
4,2007-11-15,1997-09-29,16798561,445471698,70319064,727911432,813327644,755152825,1,7,7ROGD7D,G9UFFC7735T1KWON1LKQDSLV0177NI9CYEF9Q584TVB8B09FV1E9UCT45AGKGTZTM1JB9L0P1Q0H3VDM8EGASOVVTPXY805VBLNH1CCVICZ1D9142PN7K1DWDM8T2Y5GE3OXO447JS8YCMEJKYDKQZAY3QPB7HQXPYTCI1AJXFV90UN27BUZH0I4TJXLR8VKUGGC1631
5,1990-06-23,2016-03-20,284884221,90972032,60803625,374379464,129879009,549718634,8,7,Z62QEZK,T34MOPQEF7Y5JHOSPXO2MOIW2P1RZR9UPW0OCVY8ZUP15YTWDKZRMBKPKSR90GWFH2VI1XBMUSAIFT4TLY5CXQYZOJKZ8CBEQOPSBTQY4LUJGWGRVW5QQC3IQNMYAUYM2VA598TZB1MTT2UG3ALHWB1YHUAUE649MI5EZ7BJHGSH47LDWZ85CKGIE31ZGP4PMZSGMDE0
6,2018-07-01,2012-09-25,500558898,467155861,54208194,257812998,829648115,732958854,0,4,4BDTOLB,BD6NRG2MQYFA1FY0WFFX1IXY1VV8CAF744TG96Q7H4QOBZKZHKWWI1ESLG5JZ3MFZPAM5WQ02T2KRLCVVL4JLKW8TWLUSRLHUZSOHAXMOFEM3U6KCDGH1K0W4UP2K70KEZBJ5DIAAVZF07RZPDALNI85BOYRLS5A7A4Z1QGLXLP5DQE73RXQNLFLB31M0GEW6RICTLU4
7,1995-08-23,2005-10-15,741785827,476959232,6730680,627765168,953955847,782001755,9,3,PJ7NS2A,70YLDUDW57UTNQIA71668H6O2H1HJMFQSXW8LED92TUEIV94QKEQ5C4RO0QXB5U27LECRCJ8HTW5SO3XP10LX4O6I5DY9KXD0GCJJCP1HVDS7K9PMALZ8OJM1M3HVTXKKE33TE0T5S044QQ69DB8CE4ZKNIT4FI6OSII1JOGGHTL6HTXMZ7PJVGLOWRW1GU68H2J4NKS
8,1997-01-01,1990-04-14,672590423,681449836,14571584,698178225,606221414,652771691,8,6,JMRZZGI,U5FHEBDTI6HPNRAFPWXVN54OTXW84S9HBR8IR9MCD16LN9S6SS7ONJH4NUD0IOPUIAESZU8A5I1D21ADC0AHP0G0X9Q884EBPYHJLUDNW8TJOHTHNC7X2KKPEA3JXIZ98ZQ8DR3F901TD3AM0JDZQWETYYEGTSB2RZ3PRSEULT2918U29UBTS86XWXOPRJAFGJNIRKJ5
9,2015-12-15,2001-07-31,395977772,374200911,37330548,50100404,485489275,823676718,4,3,NJXO9R8,NIQOR4FCN9KQ64916LS77MU6WTI3AHWBJ5AJ6BNEX3SJ7FA4CIVV5DJGBEQMBDF5Z671FP4IT7PFSVE6DP3TYLCEI6B9I4XOJ43G7NQP8PBG53P0DXOKCLFSGLSULPXO707E65M4YOIQDZRY27LAYVFFBPR5DKKB84383ZGYR9DIRJK4C7J1MHJ5EJCTIMFMUU169RDZ
10,1998-06-10,2000-09-09,717054907,414033545,9808102,345055190,241942116,342181575,1,5,AWFCNWD,K2KVNR0MG9GVOR0EHY2RVPYZZ7N91O9IHAFLD4MV7XHBEI2M5VN39IBX1NMHP02LJOP3DW3N9MAMRCH9H74KN5YFMFZKTQ5O44W0WZEEEX278GKLTNMB4SNTAQ6CP71RQ1W0K99GD8D1CNO36CVUR93WYD9V0LZACKUWTAKUEQ7DHLGCVEAX4DYDH11CD4CEUE9X3169
11,2007-01-27,2008-06-02,822547001,402654168,2209663,153622066,939308479,237642285,2,5,VLC82O2,OJ1JP4TSFOYQ4U1NI91R48ZQGSFXQW88AODUO1SWP165AWGZ8ORBHL4H8176280UKIBVDPIUYIVJK1QADG3YP1EP2HMGXL09M8MGUY1RTLZBXFLRFNQCT3VAPJ57T0AOP0IM52MUGJ9ACAKQ6TOY2BC6YJ7Q1ECSI4SVWOIOG0ODG4Q12WHE80EWLEMVFTIOTAEDGKDT
12,2019-10-28,1993-11-11,654064271,138146299,1990858,310159182,690278654,239664997,9,4,LK21ODJ,GQK5JLHY3AK2GIWVMTRE48OTRXYGZS4NNK91NRJA6L2SU0P0FRG15EPFN2P3S8NLN71Y3O2IDTJMUATC5AANDV6WHU2SAMF53PZ1VUPZ1NR28A28030UMCO1X2FAUI6N3ZSIUGYBDTG692QPJSBU1O7DDDDPZLFMELX4AMY4IETYR0UZFSNL3FJMFRUZAQUH3NILRSQI
13,2010-11-04,2008-11-27,106838450,52371837,34450165,338882435,772366467,634911778,8,6,2GQAF8Y,65UH96OB93HN5H4BHKNOGEJRQPY3LG0GL20XV32ZPC93KGDTDTGF32Y7MBVGL3G5AHEUGJMT0WBCH3WDT1AJM0F4EH9ELIH65UFLZIT1FH4LNQSX4SFYKVVLODK3BCT8BTU50283GKPV4GJV7HXAVUDX82R732JX3CLILN06YFO3138867SMRN18MT06AK2HDOMOPAX3
14,2017-06-12,2008-05-10,209755854,974528415,13239836,603497383,239408476,392765515,2,2,8EL2WE9,9GZRGE3OJCFUKV3IVKS9RUMX53X1XDPL5OP1K5R51OKQR5E94SZXH6JWNBNATBEIJKI9T0Y206KBHAC9TF9816NSAGZFQ2N717WO0BBC5B5I9UC11NXV5HI812UJEQU5IASQDTPU0FIUVAH2F7YPAQ4ZRDPMYBWS1XDTCEGGOBXR84EGPBU48N38SGMRJ8J0LBF44JFW
15,2020-04-06,2009-06-20,680960688,341124382,16736678,979347251,408329839,411498798,7,2,U6IV9AD,V5NTXW6OJB25VBWUAA7PZWH1X8IP9AESGL8POFTOHSSACC8D5L8ZC6VQBXKKLIX2JK5UQDBGQQ9ANIJV4MGC9XM8BKP85N0U6CHE48B98DXTL939IGMSCOYKYUTAI5HDQ2LHB21BI1ZDWBSQ6Q9IR7DC3AXNP2G4TXRBGC7MDW5L62GL1V37CER5W4ZNQ6W1B3EM1INR
16,2014-12-10,2013-09-30,989377119,742700724,48845000,793625661,886971321,757623745,8,4,6Y3IA7L,O56X9XGSNGC21SDB5CLP6VXC4677CFOTEPCSCDY8IL6QD3JOS8410IRYU3PTBKY1FZ8BFF2NCOE4H80H0W1F0FKBBQXMFOCKF5SMTEZE41WG7ZY4S3BAOP14F7IV6CX17M64Y8G0BK20CPX27OG92EEKIIT4KTGQIJTD5181ETK2IIIANWKQVBG1NGI7CX2BD3CEEMER
17,1995-03-05,2017-02-20,481697807,703715659,23617000,301680108,566852376,186954845,2,3,L8FN8OM,J85IJ21UZLZU2T9JDZ7QCHYC2N6T8K53RMGPSQBC7GLRXW1EKW95X8N121Z79ZEI90RNX4VDLTPT0PPMUUP145A5PU20448O95QDP5YF0MA4TUDB0W2HM7YJODLA1J7O43TLDS7PVQIFHLXT9PUTU1RH1V6FF9FH7RFVA2IDP0J3CSEC5HI3MPZSIMAKQEHRLN1QE10W
18,1993-05-14,2006-04-21,62878857,536292625,11448333,215159560,143427173,254799128,0,1,NBV16FV,O0UCYX0CYDIEIY758JR5B7KGWCPFX5F9UH0XQF3G2R13ZZH5AU82NIICLEBT3BWRKXINWXD72FKTSAXIGPZQEB5GIV7C5OPWN74612P8W0ATP1B7NSG9AWF1OQTVGQNRQH3RQY2EFIBBBK5Z2G0UU2CHRTQQ0XGHQKXV61LTXKPKIQ6CUGZ162WEJLIMC7W9W6C9BQNE
19,1997-04-16,1999-06-20,108255416,69336589,11402559,794893062,21273220,410006785,7,6,4STUV4T,JZN8YIYXS6RQUA2XJVGSWIEAKLWYBPRC0K4KHX9CV92C4XCC6SD6ODLYAO5EYAA2ER98FWTAQ57SYFWV9MWACVK0JBZTU0MGJK1F73OWM314HS1UVGB2KT5EPBVSODUKZQUQJ20ENBBMZYUPMXX4ZJ4TRUJYGEVDNYLSY4CT6E3YQHHYFK99FWL8USZE3IYGJ2NHQO83
20,2016-05-25,2018-01-16,759423583,134555478,99681707,745692347,461277306,492456080,0,6,DTG2T1H,OEEP7OOH8F2M1ME4XIJS4925BNTU0CDJ1130HKT1OGS14CFQVE26QWJA482PC25XYX9DHR45AHJS2MSYJH8F99D4TSKSZ2686FOASFPLVC5B7YR0NL5HD91MP7X5GUFM97YVLB0F8D28TGZ3H99DMFF0RAL94Q28Q2VPJNVICZ4LPPDEXB5481CESD1A1UTE76AT5U0G
21,2002-06-26,2002-12-03,924088705,479207033,22047957,553609208,400101109,600325570,1,7,MC38L2O,NNTGHV8MNTVVAIOUOTDGANTK75LZYCPTHXYXXTEF6WKCCNRL8KB7QFVR8QAQ1KN0T9G6L54OX9ZKCLY2WL0TZ3QB2BMJFPLAYJ2ZXBBPCU0M4RSC80308U3D4VSFKTWXHWKMCK95KYHU67KEEC6RO2ZSUTM08ROKFYQG3WWULXOTDCZVPAZ6MNL1A8OGMQT84JMW6I48
22,2015-10-20,1995-02-13,160404554,930809780,80444010,535940671,219257072,345040752,9,1,X7N0OS2,5SUMG33CJ85JQO3R1JBPMFR5L1UAHJ0WXLU4D7SA4KMNTSDFDOLBQUTW9JOOI0VU6OR39QS2YLJBA1YVRE45S70Y17Y3R9D71E5OGY7T1HM6D0G45XWJOIN34IXVB9XX5TJZMA1T6S67W4RYFDAA31YAOU06YYII3G65Z1G8XPD4MHO0UBE4XKUR497H3AZWCJ2IMVZP
23,1996-03-22,1996-09-20,238893203,790296402,51965306,475346856,361797063,37870771,6,8,5KQ9O0L,CXWTTK31VHWIHKOC5HLGUGJZDDN04WDZEC311Z9XS3IIJ6WXTEX0OBRMCQ189GU7FBUEV4V9EQUQYEZAUAYVOWNMP7YBZ4V5WN2TN8G5QVOQHDQSNTAA8ACFBRNMZR3DAMFSXW1W0ZITO98OFCBOAYOBYE6GGSG81VX608ST4HOA5VZ56Q97XQLUUO3N05OM9LCDI0DS
24,2009-01-09,2009-01-11,210155704,105564105,90469890,82787532,723246158,229764306,5,8,20ZB0KW,KMO2464IVHX1XJ2BUQCHT6WGEUY9NY0OJ6S3KNPMFNSEZT3P0WDL8F7D2OQG9IB5Q50J2NN8P07JYIRMLWOCUD9IQBH3WBJ5FLRG44EHNEKPWA7QEOGBFFGE7AHVE5SU5BQ5CUH23B8Q7UX5Q84IXMHETK4GBN8ANK20L05N1TT39ZRNW20ZAEQFL2JEWYC4HZAMPKOL
25,2008-12-07,2018-06-10,467012284,804233082,47440573,683250310,616114998,974195741,8,3,OTJB53U,MJ6RSL9SBYLI77963LLAPPTBAE24HJDIDP9IDLFX5XB0DS37T28QQKM9W5IJBKGK3NRIYK9848ISPN4OCXIMIBZT4TIG5IBJM9HMK66CMDQHOLFUAU4ILTKORVTEZW1LEQ52PY85A8XC3C7W8ZDBNPWL3JB8IHOP2GI2PW5D2XQNFLJXPRMIBOO8MBVNSLFMLZFBPVPQ
26,2020-09-09,2003-06-09,47962338,92371109,35072472,186306479,904206055,78818563,4,7,S2CXSMH,HSKFIHHSODRQ1THDCJA4HWBRUTV6FOBE1WUO8I2IJBQXMO7CJB21RMJA7KVQXKGNN0V15OXI0S6I3F7UB7VGJL8V9OSFCQ14LLZ8ZX9J4URKAL524QA3JTBLCQEXD3JHLW1O1PCW2VARMK9ZEMDHS18EJ2EQ2ROZY4S406C8T11HNQ9R9HOORFUB03ZGDGDYQ3FPWU0R
27,1991-01-09,2009-05-23,198737445,979577057,55419207,89472333,916445620,51927320,9,4,YIZS12K,LTGR0E2APZFME8DVLIG68QY9GLNR13QNDLBNU2U4TD2Y54CRGUIHGVBC7TCM8V413LOMHA5Q4WY796BFD27D5EL4WBLU2BBBAHC5T2NHF7NHM1QPK3GO206TYRGYWA6DDJZCQPRBTEL96ILPCN02ABMNZ4EGU1SM4CTD33THJDXR51FM51FMH0TVVIT0RBUZWX9NW1ZI
28,1995-02-23,2007-10-22,187649487,577151601,4307357,636156010,719505168,945265695,9,6,2PD1H63,NUYZ9LTAGVYN3ZQSB77HS9LW00MTEN25SJEVV38LN9SEAZCKH5CT1D7WPXCO5V81Y1BUDAK3NQGC3W6B09XHXQ88ICF7TPC5RKA9TKX7WQ2HR9OX798YA5MWGJZL0U7URZJD78II9GZTR1Z3AFZH9WCVCUGNLZCRY7UIFCTNVH0G1AG6F5M9C7V6H7BH7KRJ01XD8KHZ
29,1999-04-11,2011-10-03,207790564,75463782,16248960,856793571,373672913,468943789,4,3,4MSLA4U,XY9ORR1IXEAQHOPT4833SIBUK71ULZXWOUCR0T5WVZGU7RQLWIJP1TJ6CL4XS9I7U2ZUAQ6TNKTDGZ4XRVGA4S2SJILD44CD4A55ROH3FVLH28Z81PR1X6GPKRLRZ8FYAWR6SSTBOOIJK9O1YD1XV4MPQ55Q28E5OPJNTWYI7A3MKHV1TI2XVJQLE6JPSG9QHZ5WUB8A
30,2016-08-17,2008-09-23,854813211,951027135,71139230,354047316,386358180,220818798,2,4,13QTROH,62GXIRJTZ60OU84XC9UVI9MXH7F5FZK4G1PI4GW3OWAFKLFNDM4E58561Y74R7ITK35YOB8L0CDMQ3P7JU70AZTG106SDX3TYGPO090GOE26JFD4LT0673RC1WLLEE9Z57KDER01E3I5AZMTED0XHGJWIFA0RGZIISBZFHC2GZS7Y0UZQK51QVJW4CMYIWQRGG1359SZ
31,2018-05-20,2001-03-19,29712789,874135195,90332999,718175246,821627328,801903580,6,2,X106NJ9,9YCQKBRYE78SQBIQIKP2DU4P2IG6HVDAPC1MOPKBN55IH1MX43J5MNOBC3NDMPO79JLW22RUZY1VH9MNJ5NQZZT0P0ESPFY0ZJTDY0MC32E5X8IKV6OZ6S64PNXM5CPFQ21RU43KJ1MWLC1P5C8YAHL8E4TYN6K0OJPAT6PC5JRLUAVB9DDKA82K0SFPKXTVW2GKAK37
32,2018-03-23,2007-11-07,742677927,446644854,49519752,581670249,648887777,239722814,2,9,HZ68PDY,2IITPC60A3IDX5G0QY1WOZQ8ZOEH7QELXBC3J173CU28T9PDH0745R42O34YYSDL0O41L2EXGXISP9047E2Q9B10NCNHP7CTMOH5B2O3RKYD333L8WLTFMU240XEVTTOH1MU324XG0TJJDESY6QVGHS83KPUJYZ8LII74PW5OSOT8CPWHKEZV8VBVT7ZNIT0OE09X76V
33,2011-12-01,1996-09-23,863161754,945700700,79445310,492225786,775393460,620788430,5,3,AQNQP4S,DZE4B7SPY4TBPV1N2DO1A1T8UKROZJJDEPGBTE15H5RYFOIFCW5OCMXDIXK131SJGDWVG5PZIOG43VV9K4JYQC0DNQWGYFP2ZQPS19G76BZXF14VRHPZSXLP7X31Z8Z9B0R42ZFUF2SW5R2WMMMXI256I2QP9X4OA8PY7AH5CSN1DWSF3U9U7QP6OZGH7M9DVGUUOUXB
34,1999-05-23,2006-09-23,386783079,687524301,59877560,361906785,340866571,957129,0,5,OW48F8N,XS0WHNLT0TRQGY1UWBWK56C5VB0NU52VFVY0T469PL0EQJCWETSXK5ORBBJBVYYTVPXI58K6IHV2QZ7JH384HA9OUK7MY0GOP0KW068HDO6I7N2LOEOCEIGM94ETU6GNRYAQ649MS4BKOK5B4CMCQBQTDOAHHH7IQQWE4G3X0S12IBUYF8M6OZ6E5YFM6BJXTQHN02VD
35,2018-02-18,1993-07-10,164956682,99005514,87140003,771616321,806578590,95424954,1,1,PO1US3H,VNQ6V1SN9HW0WZZ94ZUXGU8QS6ZZHCTQGHEAIP77G4HR3XIITYOYXMXBC0ZR22AWUQ5TJZGAZQL8B5CRI10QQKDUYW3KRA1C7LDEV04ET0NC3E4ONGVI2TBKIJOV7BHMA9QD23C2IGCNU5269O5JFCRWV4I14AGOKBW2N8QS87IPLUKKO04RKD847PPBY7FG11GST1RS
36,2013-08-19,2016-07-30,926788072,701035318,16889649,593201623,547265822,779392231,8,9,I289LVU,KWKSHP92N246WA1SLCPA44WADYE9CR68AFALMC7KESDE8OO3PMXC2EHBLAUFCQ4YKOITKWF6FUK6AX0XF986XA80OBR60SKA79J9GMEABLC8OSCPW0PT1IIHUYS0SM8B8VMJRAB7EPGD7ZIVSIN19GOXA1A6GE8O4WSR5BVFRAK0MSIFGJH5POKS5O03FTRYUCMU8873
37,2014-01-17,2020-04-16,869001099,489622455,52173317,455191788,38611053,549578026,8,6,U0LST1V,KFN3ACS8FLGE1GJC0USY4MSLULZ8R1V5B4K03V6V2G7BDP7SQ0LCNGSPFM9NUK362HHS89D50IICC5MAJ9ZTIXWBESJEB7UYHWGTB7CHO4CWVQMMZ09NYS5F5IFKAKZQH7SIVF0XPTK7MAV74U1CCO7QDTGJ75MBE43W8MYL3GFELK6C97NK7H417IFF0GMLIF4DDV37
38,2013-06-03,2004-06-17,706518094,91979635,70626544,405670094,8345903,881828704,8,5,WHNU3DU,QAHQ4XVCSCJOZLZUYA26JHJ98163VJDE1OVHR2NZQBH38B2FRBBS5L835F80ETBDWMRQ9NEO9U7P22X7ZG8KQJYJP0I8F2X1Q0QPWQ4ITJI59TIQGRLCNK2JLDUGP3LN5EO8G717ALRRUYNXWWAYCBODZY3WOEXGIBZP7FQXD99I2WJTIMLH5341NC2QNBKSRKNP3Q7A
39,2005-11-02,1998-11-19,575880486,166371396,8449015,28829888,990867270,240952486,4,1,DBV1MTZ,NZ026N88BGQSHF89KVOE4D7V3UC921CHKPE4B46UHI89IUZUP0FEXXKRRGU33P1LL8ARBU4XARXUDUQFVYG407JULNC6KR8CW0Y5GMERVQ44YXU2ACC73OLXVQ7AZZ5HME0VHDGVOKVCJLTF1ILV5UOVOTMR9NDG13QWSQP4WB0XY443BA3B9N6Y8UMNFS9WM1N2ITVP
40,1996-12-19,1997-03-19,625774343,943644343,24962617,143563484,71332184,45032523,5,4,5ANXWZ1,7SSSILORVRNDAH58QI5BHGUN71AA7MKHZDR5T3WDN374W67NZDXXLAG78NXH13OQ32L3GL9JN56PHPPAA9ZO0AK2BQ7NWNMTN814AF0ZIYI4RIV0E6Z6E7FK20XDT5MB923EYHEGN32OO0ZE2BNMLSOSBF7Z00Y11WEYRDAKSAH95N3DPLDY2UN39857859PPQ4S4MW4
41,1994-10-26,1998-11-13,478672762,201349361,59897226,358819802,641530329,426162898,8,2,MLPK4M6,LCJIYEUUFMWPZJ20TJY9BMWZMSI3O66KFLYBQ8EUPU2SYPUPMIE753G7TWUGQEY9PKM2EZCYKMRMTW42TX5UBTTCPRR2RIK9MXNTK6WCKRAA9GFG1CT1ZNUWM2TODG8I63Q54RNVZMG7UZ8AIWMQECJ8CRJXHNQ6PBRNZRBHOD7XV8O8MWFMQNFNY9DCMO0QBRBSEF61
42,2002-10-03,1997-11-25,44561863,272169096,26776346,885037150,504661120,429565481,4,3,SUA6Q3Q,RXHVWZKKJCNF7XL362XTJOMPMQRDXNTVYYP27U31XCYT2NXY7VAL4DSURH5C6I5RQEQT9VI6GX9ZAIPQKO5GFRSA1B8RNU5WPKFTJRZS2H59MFJIRKA2XD2ENO3E0IG7MLOG3XHM8MTLGZ4AJ7FS6NON8JVNG58CKE1R3JVI5XE0EMXJU2Y7CCFYX8O3VSDFJLEGILL3
43,1998-03-17,1991-09-14,987670392,100436386,62329211,733147796,652432559,335347045,1,4,I6SG3ZK,Y8049XKSYBMDVYD99IFRHUSI8AOHJKSJRH4R3FTXP91WQMDKXIYQN3JJPU6ETJI4G8RTM5WVWSYNQOVKS6YS981X9X1EHBFWPU9OTQKHLAK017GH8ERHF5YMZULPC7DQC08V69HLD06N6RWJTOKCZNGPM5H0AHIVEBQ406VUXH7ERSMQXQFFCN8V175YR0LGSK5RISK3
44,2008-12-10,2013-11-13,485256424,273577454,69586128,945798452,956267876,763298765,2,7,N39UODH,C1G93KPDEAJEHZAVPWSIGAXRJUJF4IO8ZGKOSDXE4E7VCK4K6MJOFBKGR8MLV4HAHGPAFBLOEBV4ID0CYZ69Z93DQIDKQCTX4V322D6I2OLWN4J8H7CLTKHAB0X1UJGEUW1PW38AB0SCYABNAK3HRLVYEVKPD1C817QVTIGEMJSX0PA0E248JNFLNVQQK576625XN57O
45,2002-08-31,1990-09-29,158225208,187315365,38301475,60266336,51565412,479004829,9,3,1JA71N0,AJYCV3WDL10BQYVH5M8VRTOXRAMHH2O49BK7XJHQMURROMVFGPKO53GSFR3AJ5Y4A9I46V7ND61YNL9VJRYCUJPWFFW2HOSKJK64I50YKDV06OFA7VZMPKKF5WSMU5V5QYUQ1WDDSDSAM58F44VYV9OQPX8HWHXYJ1TF2366SGI9TK04SIPP8CLMUN7H9EOD4X61CLAJ
46,2002-11-28,1990-05-01,808008090,488878252,55047258,455215330,876480964,573812536,0,5,318HHZ7,7TT2QDDVQ1HTNOU6BK2OANYH6IUZNZREXHXC5W4H1ZEKWU0HAOEK0JZLPMV86DZC6TUTV8ZYUTQ9M1HXDZK6NY4N1A4WFMROJW0XULTCWLOU0CFXA9A5FQ3ZHNBD95GDWK8IWHERVQ7FOI7RYLP1DQSCU3DKOPXP4CJHL3F5KM87VEEE4MBPCNULZKGE1IIE9U9VRQ8B
47,2003-01-14,2001-07-09,489304838,534285097,9308848,591412905,520850960,609562118,3,7,YUG93IU,7G0NWWGY2YQTK2YXTW83R62C3DZ2WBIZGVOECMJQPUD7BLVHOF73ZCJR5AT4VA7GRLO1QMAF4TMO9C2BHFU5ZR8TVT0UEYDFG4U2ERRHHOZOO2022UY2WYMPQ2ULZC09FUUZGME73PSR6ENDIQB4O0Q16QEXIG5TEL1IPL0CC1QYJ0D2REMLLUIURKEQMGXSWCVTS3PG
48,1995-02-06,1996-04-24,349160013,808608429,97082487,749462779,665953143,387938332,3,8,0S2Y685,NNJ65173OOGBRHMGSKDOCRN4TNLJKWZ10UCRDT952M9UEPS5PDJU9C27AS4RPQ2767IKOWS4M3512QO9S8TZEL53TBZ0AOY73BS3X9TDR3J1AQ3V6V5Z57Q4BJ1HHMABQ7ZYIG5QKJRLVRZX5MVOBCNMIPN5MK94TITGENGS1QSM04U1JWUKD5ILBVC22VZY4DDPUG95
49,1992-12-03,1997-04-12,766199487,101034709,89868877,926299630,671488065,26067450,7,1,20T7BOG,P5GE9PVKLHXWXAVGEJG6RAD97NBROAV99S10S93G9ZJ9ZC5598125TLJNW9SKHBP0AK5Z68QB6J15CKMD9N3YIANRUO7NTGS328Z2T751T9DN2ZZNHBFH7B3R9F5P8B2VMVWA7IH5MYLX1UE93058XSLR95S9ZUYJBZDHTLRRIVSAAVCKLVE05BFS6J3T6P366FVJXWS
50,2015-03-15,2000-06-09,820912863,198644499,36830244,240397331,683110999,3948782,7,6,HF6W1Q8,YZNQCAGOGYRCZ8MQ262Z26Z45LU4PO91GCK5DXTL6OY9HHLSC04KXWPSK0CQFO0AH6RFWCOB91ZSOUWTNDPG2E3NJSE24P7ANA1B1UJH3A6ABKBZOGU0IAQ2PZQFRGCVWYD1IJUE9J6BDKJG51ASHRFCEY2G0J6GP4KRQQM1GON8CK2T51XJHHY9BFWEFE5W7QXSG4TB
51,1993-01-30,2012-11-13,529479823,630824987,87728647,890889382,226095585,831528694,8,7,04LPHL2,HCTWV166JD8PGZYQLKHS3394SJHNNHQJJ0V908S25M86PKLSU23L18AK8ZR7LJUECZFURMFGM6Q2N19TKWOJ5KXDHE43W70QENX7R23JKXQ2I7P4V622BXU7TZ8DMQ8IMVWJCD5MIR6QEA7ZSDBWFLVF4MCU5SP8JMJ5C222LNUIUQ226ZKK9HHCOH8YOY8XEJXUM9VI
52,2020-01-05,2010-12-19,367823748,466014384,10154199,198961000,846390094,182611634,7,7,0ZQ3MMV,QO09Z4AS7V0FM4DDIMK9OM1IH2JX8MDVHKUBILUEPXPKQFHDUBKWP555BGC9YCT52HBGDYA7A9FNAX1NGDK9RG6VACYP5I7657HF9YFD3GYZW6VF44RF1NLO8KY99TFBWXF74DPBEGVU85SA4HN8FR849BVRV2LI4NZ649QBI6FNRF0D5Z4354VAUHDOU0ZWEBZ22ZSI
53,1996-03-23,2019-06-22,302823313,43248466,24796101,742945675,931642506,272519159,7,8,O8PWDKY,GW5HBU9IJJ964HKQHNPZFEADUFG7AWAXPQ3AY8YSK9Z3QLVJR0HINZB5AY7NSN8ZCDKL19PNH29HYDERPXMZYXB3H2PAGGM7C23Z67PR3A2HHHTS8WRK4VINW6ZMICY5XO3I0MSMCTA5TELSXJQ9008QVU9DNUFJR1YWWNAXDIOG6A750H9XCNKQOMG8VAFRAGZD8S1M
54,2014-02-15,1997-12-04,813069664,802390238,3304897,524900919,894681282,407889084,8,1,FEZ97IE,93VMC15QA93OQKDVW6H3X15RAH0WG6SQ8RP7MASBTLNTABXUGFI1S5ALO9B2O6E4RAPGASYG1U5WTJWHWTNORC9JOPHCBX3NAQ7YLUD3TS7BB9OL19CZIHSYVSRK16HJGH4D2OVRNOJUHT4TRELNNPW42QIY8JWFI924WU03DR1VCKCR1WGYBFDZZGUFS78CA5AJX6BK
55,1996-10-13,2012-10-21,443284389,750345666,30014032,12482069,534470295,591919685,3,8,AHJSNZP,1G3WM2RWZLURM6WTXJHNCTKXIWZW484HAZ6A58MT0AXYLR5ZQ950OXZF039LJ9JF5OPJI1LKUQM2XVIQFXIS3HSALCGLHT6HMFMJNWNK274SIMYJ6DEZGC9IMYZUG0N52AKA4D3NXJPG3RCN0NGWCR7BW0OFOC5EQBTFC8TB85NR1ETS3RENQXTGCWA2NPHQF00473YD
56,2007-02-19,1990-11-03,661006185,71241220,29576636,313690857,113971154,769578727,9,3,OIJD32P,D2QPMT7AW8VKWPWRK8INCETLH51IK2JP08OBN2R3B5PA62M0ZI6JTXY7JAY44I5LWWJRGHTR6O7GB997UHRLXZ33770Z5XP5CLKWVKPYRWTDIWRTTYPTPQLD6L1JYPTR3J00YWXNMC8YKNCOJNGIROFJORQE3WCVM4FZR5YJNFFNDAT5XXMDWO9ZMKO861G0H4VT581B
57,2017-02-09,2015-08-25,454390064,999331318,65559309,446711454,464305801,577472022,6,1,GIQ7HBN,4I032LY4V9QP0L3QKJUJMYC6PGEER23P3XJF67HTSKNZLNXIU1NW0PC1CTUNWJSHE9K0P0CLGBZD5CGK0GKTELGVJG77N0QCZ3TBWPTK3Z9QBB5R1GGXRE5D5DWCV0V3C368CO7BTPJK6D42V67DNT4JLJYIG3444L4EAEZ70QUUX38T6KH3Q4ZPKVJ5IZCY5VKMUJD8
58,2012-10-30,2007-12-05,572112019,345616190,96717757,848558737,102279994,585879055,6,8,8SJYO0N,FTED6BFN6EZET6AAX7UMEN4SBEYEO0EOAVAJ5ZG1GQMA6KW630X22JYVC7QOL180ZEC33NX9MOJ6OOUJV1G0MGO0Z5YZ4MRN6K1U4L6P3RDEWI2XK20K22HGO05C9TNIB90WB4TWQ35BZXGU7PYMK1IML0M3PUWEHFUYOKYJROX11IKLKJAKQ13B99VM63LPP90E4QSV
59,1992-05-02,1993-04-09,378484938,919721231,80246203,230442912,575445658,248169242,1,1,1EKJVVM,9BU0MUQ4RUBE6JWIQSDDLB69CW12P8AWZU4UIZK063D8QLYZMAGGI56493A58RYAFJ5G5CR1P6M6V16SNJXC9W0LOIM0XZ74IRSH8CP6RZT66VC22X6O0RLSL6OH9WMX3411JFPKVH6AB8W2NIOQUIMRO7F740YX3HU08R521EZE6R758PM3IV3LBPYHWI3TQW7AJM11
60,2016-09-13,1998-12-05,815449757,271004481,85678776,670648732,231316489,525362204,7,9,FVI0JUT,Z9NL0ZVNGZON4IB1NKS5CAS0PNDK5BTC8Q1MMUD1YUQX9H1RSTOM20I71F118OV5K6TUHD0SM81IANT7IXUKC5HVT0LQNGUVVIO5HTG4L7MHIATPHHLEQ6Y3QLS9DASHYLTV0HRADZI42YGJWERSVCO7AK906QSKEH8YPEVF19XOS39P4H4RUILVN784BEAGLNRVGRMZ
61,2015-09-01,1996-01-28,435131092,822991436,73729688,208825816,882784642,38452639,8,5,KRUV50Y,Q5VJNYMBD029F3UCAM5KVCFPR46VO67DE4VVI2BML9HP2VDUHREGZJVW7WDBPTK2L0YUY84T3ICG5DEYGBV0IGM5YDVB7W3HIUKWCOTEO31OGIU4EZ3J6VMX4XV5OC451UCBKH0H1WSO9JNZU6YRYQ769N0YTYI0KQ3OQ92OMHLU35B44SETYHGMK9J4M19LRIPI6PME
62,2004-04-22,2005-10-29,738713938,226597785,56125943,999229797,981675041,336813124,0,4,1FE1XPF,QLYSLOM26WSHA6L5B3LQW9RKLT2HF1E22WNG92DZC0X1QWPI8LYHKFA6P60BLZ6YL2ZDQEJGCCHSRQ77WZI8IDCK9UM1JVUZTKGSPRB0UNM7AFJOZ1QEKSJI0Y4E7XET1SSJTK6DNR725B4HNYCQ97OXR07JIGLLZ6ZRXY532TV0R5WALVED5R3SCR4RCO3XTFDCJR20
63,2015-12-13,2000-07-14,179784881,177148463,84806193,94099229,358911506,716460043,7,3,6OFTQAA,LF9ZVRUYZIJCUTAZ4YDX6MF21LD0BUOP5D035C1JJ4RL4MR3RHAQM6VOUGHGZSDL46TIWNAAOAIMV7BVUAC6TM91M4KJPDDOK3FZVTRQD6RR1GX4D66YQICGFYM7EJBMWMLACZMCWK0D8RB441ZOOWIR5OHMDJEHBCJNR9VAAVJ003T5WCG5U0MTAQWQX324TW7F4EPF
64,2012-01-22,2019-05-19,678536476,52472346,19386653,927000096,192689621,432223633,6,4,APHX3M0,EM9TE2GZ43MJPA367NAIC00ZAW2C9UR793CE1P5QBH64JXYJUBRF15ACC05OX6BDMB9EIFUK2RYLWIKI5S0KCPEMSG1RSJGNFEFMBTT8TD6X9YBO5ZU77TOTG9UYD4ZNC9VBDWIC8CRJYBPV96WHNE00OD7616R22KMORS30NQ0F3XRMZESMP4LA3ONJRQBACJNU81AH
65,1992-04-05,1990-11-09,423544230,391455401,68772922,39779870,277595308,404380027,1,1,KIJOPD9,9R2IU5SC97I6U1CY9CV7JDY5QZ9UHUH98482GIKF9PDLDVBN8DTNUWPM6C81MHYH4XVLOPHZTU5N3Z34AN9NGHOHLXYUDIJYOY9Y058QJBIBTMGZ6YSHTPZLWMXDUHVLG3676RM2FS8U83PFWHPW4KQHGITAHMPYV6OS6WQ6K0831HX9AMM2TNBODSVBVST7OVXHO2E8
66,1998-06-11,2013-07-23,142341567,678106931,29642701,119219321,7095253,400573221,2,9,J1L3QU2,E54Q1BCSBRPX3YVAAOKVNLTW3QYEP3SDM9EQWL8FXWLR5YGUE5Y4OV824EH7T6WTQXXJCO72PG25S8OTVDNHR5BHIXBI4K6PPEF8I4DL50TFSMNSFZ1HRA6PX4E2IAPDMFUTAKQIPYKVVCFQ6LMU55G5SNNAIUSUFZECEM8H20W1Y30RV41T6BG8HZOGPFFPI2GWXT93
67,2008-11-04,2000-03-25,333096265,52858183,85058348,302766306,484205161,87855816,8,1,75947FC,67SQNRUCMJT2QKZUI9ARM1XBO1BQI8THNAAWIPJK5IB375B4FPYH9KF6VPNROOQJFGRQU975O9CL1DQDBIRAMXCUF3O8XC4ZY2B2AMFOUR7Z47AHEY15OUT2E9MVGU4QT2OWOVT8BR6OKPT06WXMRF2NF6SHN7MTY1NJVCGKPQ8230RMWC5I0RFTR93JI8Y4ODPTZXMK
68,1997-01-16,2020-07-10,880795784,856145728,93811858,813349612,411549725,784302848,8,9,LPT2EJA,5I9GELBK82C6I67GCRKEK3ZUJ1AHRVUL6EQRE8EB04QMRRTU6VVCH7US60C1LKEHR5DFPXLQK4JDO837278P8OFJKFR6AP9QFD2BMRBZ47Q63372XW0BEB1MAERHJDFHIZ51HUOWF3DLCX2V7QC2EQP45O2RDFC8DTGNBY5G3FJ93DQ8I7AEMWT1OL2IWP4A8JHED4WE
69,2020-07-23,1991-06-07,627677701,348172647,12417028,343120233,439130015,993015727,2,4,6UWAVDN,J76JMIZZOY163GRCAVUAO28KJQ7GTS8V1EUFM6ZC2WSZ68SDO9ALVXHMOADO6PXTNURO18B43H9DEYPB6MH1UB66Q27BESB58OFLRLC6YMIIUGU2KFOEZRSTFA3AZUHZUBSND1P19LNGBRJVLMFLOXYZAESZRQIKMSK8BGSZUJVZ4S9AAO7NL3LLCWAOMP33VWOEBHCK
70,2000-02-29,2014-10-13,53456918,769786363,65450665,659335816,437271514,197601592,9,8,5JTUKNW,NOK462TZ0KP1MJ71LAHBJDEU7PKRBQH1YA3MJL57VH0IYXIJXTFUNY90LVV63AEJEZG69L6IS93JVSR5RKI3T89TOY4UN7RB38OJV9XPZ0M2R92F2OQI351T5595GV4D63M8F483P7POZ04SSWNFC8SU99C75H90BZHYRCJX3MQ8CLFXB3EDJ6ATLXGE9BRAE41K2S6K
71,2020-11-08,2006-04-23,206762587,944942664,53698556,827912165,70671525,73978583,3,2,D9W2M07,2C7F0Y60HAS1A9E73O2O0UQNOGEQ9E48TXF8B3WHQK3QGH8IWI9ACTC509O7NIFRQGNC1AHZLJ5A6APVL2ZFCJZ8NOEZXQHURXBXMJC69EV4ARU2YCQWD153G1RNK2NSVOUEYYVD926CTOIUD11K6DXJFVLR1MP97JZ96PC8HB14BRA6FN62TBFA863065NPOCKWR1RX
72,2001-01-10,2002-01-31,909050792,271236610,35820884,581105693,133123894,822933103,2,4,928GLAJ,EA1A880JJV5EJYHA1IGKSF739HMJXXEC71NHG6W2OBFJOSEBRWFU6GWTD636C0P47CLNM0UOKK4CM23TUEZWBXI8Y38AZG7UL7W86FA61EDWGEIA5BRW5TZ91DY02JJWSSL1QFMXX9921URJVRK87JWD043UQC0L04Y9KH1PKJLBR7UTU4O1H8RXADH6LPVTPY4U9U33
73,1991-09-24,2012-03-11,430059931,306026875,33499069,689673613,698612598,523117980,5,2,NJYPSAJ,E78HD0OZHF1PBOZCS04W6CA75O0ET0VGZB6PC0TEWVKJ01GVTKEWWGSHSTM0DAOK61KQ4OR5JFVJA32USLIF8SRWT6K8NXB10V8I8T589D9O0B6S0D0JDKA5XLUMTUFU6R99MBYUMKJM3JO5RUPB9DI135H3YDIQDVJ4RXVH8AYSO3S3XJOHPF92RMTXW5WW6Q8WO4OJ
74,2017-08-07,1999-02-27,529102668,686972628,33998898,276426960,237205161,208307659,4,3,2RK7VOO,KNKEGDUM9MRJI6T98MPEFN8KZMLNNVQAA8R6UU4I1MCKZ03Q5K8KHFD9JUING4O156J77CRA412KRV8ZO28C62QZ7HEM19C1FL2KJLCHV5A2ZVT7SF2A4PN3JM2ALTEDWDX45TXDNJYHH932NO0UBLGZZVQ2RQIRRT1VS965LJTAB6FP7E5N0PDV5FZ9LA6HA32X0IOO
75,2004-08-07,2012-02-28,732268462,836391456,94460246,98023710,705037624,946361298,5,6,44OPT3F,LE3A7X5L13LD5FT1OI26TRMX9I5GQWWKTLDTJ1R1QMM6O751B89S1IQ3KS84UX7YSWDUH5DQ553QZ6PKI5PUPO490W1BYIO8ZNA3G6KR4YUA8ILGF1KIF48QPDBGVC2N4ND8KFRUIQMI0IPDIKJ92O81CSE0S7S975UCZTNGMVENDR5P5R471ZSKF3L237CNYAQD727C
76,2000-07-04,2001-12-04,555005763,956150375,84347512,213493351,812696246,455241763,1,6,32RVC5S,2XF6HOOYXQCRJLIEMAHYN5RH3PCCQ1TDTHN4QAENW4YYB3D8V4U99YXI3WGVCGT4MLFE7Y24H7IR6B9B60M4EXT4O689APFPL3J0KS6IBX441EOS1M4P3CJF7SC1YOMWAVOC61K26ZUPBNMTE09AEM805XMA2LMIPMKKKTIY4R7KWNMH91VMZ8QPOVMHFAJYCMMFWNZ6
77,1994-02-10,1995-11-14,237418775,129900688,83209891,665665164,530031710,127505654,2,8,3JH5JJA,IRL2A0VR8WO0CH6MAW2L9AIKKTQ3N821D5O6W1N5TZ4AUVLBSX0YE5C4X7JSODVY378691K0JF1RHMR600OWPRQWJ4S86QR2MJ7V6AWTNMJFLELBT53H0CIB7Y9TTZLK41J6OPEC49MRWRPPI0482TSGXWMALLPZD1XKCDHMTHT8ZA60EM4RSD2SKCCQ2418LXITEJ5X
78,2012-09-01,1999-01-27,53214667,632675628,24348431,53383223,729221789,218137799,9,9,9KIUYRQ,0E6D5LDCP1BFR2JJF3AJVCVZ96CW16DQZKAV3TPSIDB7GP4T8K1JNGFN2S0PHTUB4O70T9JPMTL1VO5HV4ZE2JY3RD2M1ERIT4IRHCS2UA4U6KLJL8UCO7B1NUOY5JOTO72HDRH4ZFI5O9G1DQ5LTK507IOSYRCF5C78E2F0AXATL8G5G53M4LTO9YF5KJ1NO3H7SIJA
79,2004-10-03,2008-09-04,795585794,480386287,56409186,207710316,84442046,46018336,6,7,CDLLUHP,REN85M6Z0VGNR768TJ1BJ46OFHG41VZ3XPMY36IPTV6XQ38QAM5T13ZBHK3M6JWLT2FVZ6BXSQ8886WL5V5YDW9VMEH94NS9TXBRGKLHR6YGJZYSHOTWMOZS8WD0H7PU8CN2OASIICW74EYPNE9SI8L02QZM2XIGLOT8Y79AN610N8N14O9RCDNCHBPYTIAUBKPLXBAA
80,2009-08-26,1996-06-04,832856967,976006578,42848392,457987109,570573966,594389147,1,1,XOIQMSP,O9B8TW786FACAD5VLIEEA49YVJEW52LBV5OW206QTD2OOZCAP114BI3E32PPYIACZZSP4AUW55VQL3N1GH83P852LIIJ34HNK6VV80NDGR94UXCBB15GEP7W73T0YTL325K9PD4EVHKSQDSWNM7R6JAQ9RKYY7IZB9G2OZ1BD6G91D5FNPQM3QKAG68RUSNPV78SCL7V
81,2007-05-11,1990-06-26,499096474,958574830,3418167,53812817,262922881,888726205,0,9,33ZS73B,YRC6M66OFEJ2799LIL30RJDA53FKM2CSJPOWMBN5TBKWTOBMZHEHAA8CP46070Z86H8TZFS84BSTT5P59WMMMGIS0OC30REN90N4V5U3G3EDR7BT45GBHHJXX2H0V9SMJTBJ9QP8VXWHCQII439BBPGP3BH5NO0I070OMELW0X40624Q4GE4O8ABA4V29PUJZZQ7TC71
82,2008-06-04,2017-07-04,18167695,929541580,70162554,369740603,499407708,273254972,7,9,OEF27RN,LQFWJSINHCFZUUENZ0R67QS0OX6YJJRB22TLZG0WKA4YG94UQAVECE4GCKA5X3XGSGDD7Q42X3XVLATE8PLTE3YH2S0SBWRX4T031XETLMTUMETEC0QD6WLJ2U91KTK1WQA9LU9X8YMIU2XK2PFPU9GMC3HTWYUXW52XR2DL1M6WR4C0T7VMF5DY5J79T27X8R9Z6TOD
83,1992-07-03,2001-09-28,523606214,990299715,26638120,579852142,32293239,538808562,7,3,CX7LXQQ,VAXJ859R72G2TVGH2135NO35PQTMOU8RB4T7RPL078FVB87E1567ODV4GMYLLI5GY63R8O3BQ0EZH2BCRJZ6S0MHFBEG9F5BCH443YKTR535HD5ALZSDQ5POY6QQHFSEFCHDB3E103MZUGQLIG5MYAE4MVPL39ZKZJ9ZUAYQHDFQXEIL4M2XRVA76WXH5QDWTZ4TKQE5
84,2002-02-17,1990-09-26,516436050,246502198,76387691,678044650,988946896,116952584,3,5,CGU9ZZ8,7633ZPTJ8DXNU1K8BF4UFNJO846PMSRUTNLQTP4JIOEMX7GDCUA0CIB2MIL6F1QM3V2VNNF5JJWM6F87VCVWB3KYG6K2VSQAHXF9OBECT6D8VFQFH99MVUHQWSDUYIWTL5DWC0RCHQ2L0QTEBVJIMKUSBGLF1ZN6X774AU96NDCM7XII0NM8WG2N1Z9YGH09LWKSQHZL
85,2010-04-19,1991-03-02,355585236,456731072,90467047,340077693,264382441,616946662,5,5,OZBGFN6,MNEUY65CSW911D0AP30K2E0HMD0OGTM9PG85GP8X4FJVJ1H1M2V96036L7C7QWBVVK5URFPJW1WKR254PVROYN96CRT033L4Y3VOQ00ZI9IOPURKCMWJKYW5VUASRW8QMRS3LGKWQ3JS1ARRAGIRJCXFIW0SPIBQOP49KXIME31PH2Q4HYOODGFV9QFIU4LFNE2ZG6ND
86,2004-05-20,2020-03-31,325659101,126695960,47541798,283861314,224033409,293560902,9,4,DWXJCD7,W5BNS3P2GG8NP8STC8WMW3IEXXOO5MR1D3IO4JAOTQGT31556XY68VG05E0A5T11MY7SGO12PAEZJMS3VV9DR16FD7E4OWP260VSNRUZQ5LUC8SROOJTXLFJRZCGPCUGG8FKTKF7QHA1OIOAC503V90KEG17IPLVVMF36OFTO1MGRFOD5LTOB7J2YF7U9D18MXCGT8UO
87,2019-01-18,2008-05-08,924872137,686629477,38884021,696180959,968296509,770163925,1,6,FLRSTFM,RCPDMW58DXOJ8K1R37L8GADUWPH3AL2Z9DPNKGH4PZGUT7YM6XQNDGR0X76BA6SB1L2VEPPDZQ31GID39TD9106Z8GE75QQYRX7Z5CM2XIO7QC049OW72M3HPY3IBU3QZC04BBAE4TDFCMRUS0N3T4JCCKMAID13IX0D91ZZ0U5C4CCQWD5W0L90QUCPLKNOM95JNQIJ
88,2000-09-01,1998-12-29,681879522,188741948,84653822,459748182,218747296,110589235,4,1,JAW9XQ3,HITPQUIHM269E8UA8Y8BA4QO5TLOJ6MIG8L9SN2ZVNFAW3H1SC5OTC34IZRX3I1CBDFQVQ35U81UV5V1O8SJ9J3I8RCYJLJGZJKLWE37ISH7VM12D2SN37N9NWMWJY002J7VP6ZG7U63K61H1XHS7SE683PZPW62SDWDKE31MA9INDWIUQKDAOWRIT95MCWEOGO855IK
89,2007-02-01,2001-08-05,628362164,975792671,76009337,685562322,20273712,267025540,4,6,OQJYS8P,PO7040JAA8DF3NV500GCFD63Q0Y0IERD9VLIYK4A5DGD0H5W5G45BW0AFLMN5J54ZKSZJPCJ55JSGBFNG6Z8R8XO72IFE9DBPF1WTDQRIDNGBBX6SNKO33VU2AS32ODBF0OYPA8G9HIHPFIV53ZFU0Y0JHM1FD6H1EVEKYLV6VXIT0CV93SZ15DTX8RUU1EGDS57DZ4Y
90,1996-09-20,2014-08-28,285856055,380596999,73132819,421110309,979678042,55210223,0,2,0NNBDNO,RE7EW60L0STHOK0ZC34B50CD3KYOLB77XUJM39XHXJNT69TRKHTWB9WUKMRW7XUS1MBTZX8AIJ4PN1AT4UTUNXFU4HA56U241QYSIR8Q3U2920L8P0DURHWWY5RW1B7KYV5579IT2SHQPIYZ1WQQDHSSTAFEW1JOJQ1LIIR3UEUBD6Y4ZN9VA5HHG6KADKJMOG8LMSZR
91,1997-07-09,2020-09-02,482907770,285506926,68541938,95634884,917867557,790958128,7,8,PYYPJRR,GAHX4SCEK41CG2AVPVCR6SV4OVJQNLTSSZCCJ0XL9FTKJMVGIUAZLOKNA5DRLSGCHA7WXUXYQ2I0HM90CIHUE1RIDNC26309UNNEG7V7XCVH1E49LPE8GWY62I8BO0PA8IYFADH8HHENM1C2DAGT8Q2CFVMO3L48R426LL8L7AH42GF3MR9P5SE9BJ1KI2R0G1WOR6OG
92,2010-02-16,1999-10-25,497429498,436886432,17951186,272928040,283430215,544674912,0,4,LY2DE9U,BKFQREYS8UR0DGNMEYH9OXNOHRPCQ9YMS264QP1Q96YF33U1H4R59XSEIB2O2B8SR9Z9I3FU2DQVM5OZ9DE3ZVREPN3R34VMUTOQX0H5PBH3JV0RBV29BXOFYDATDK3LSE27EUB8N1MNS6PVFWM3WEUJHM8JZIJVG2H6EXN0GBHMZ6CUIY4QK7JHKC0NX8OK47ALMJXW
93,2008-03-31,2002-10-29,370788470,907336640,18655140,331225361,205403408,863946119,6,3,ELBG4AL,PPFOIS6TSIOC8VC4B9CMSQ4DYZATR4TFCLL79YRUJEX5THW60V9JTDS6XXIKXKQC4Z0YUUV8JGJZP2E3IDOTY0C75DSYXH6ODA3BN7822PSFPLXDBLTRSLGGD5JE95WGRRW755TCUU0W14340X68UI3NPWOS8S12PPW59GNN38FBXC5SMTYCYDX497TU625SYPMVNH0F
94,2012-04-10,2014-09-24,649587378,313454853,49320444,751258780,356370849,962053363,6,5,M3CU3TY,TZYPAIZ8P84XLD378CA1XRDWU1BZ959D5QG5WOYXT12JRIUPUVJRIUHLWNZ0ML0VLHEMWUWWZU93ZN3HFJ8Q4CM2QGNFSET4VRYQS4YOQSN7PW2NZBWCNLZW0SEJQVXNHCVQW2ND3SFUM09Y5P94FBUHN9UP79COM1G1447PF8SEO7X12C1CYMW6K3RSHIZPD48PYHKI
95,2015-03-09,2011-07-16,295022736,843836671,83211909,513138499,112070917,583369210,8,7,QIJVO9C,3OQLA3586SQRWSITS45EAK0Y68LJRFFEUF6UX5N248698K4L8N0NCMQ7H20RNPD911LHV85EJACP95U997YJKLLS38G3OEZRKKZ0WW3JRTKG6WE8P49E3G3U0DUM1GD889WO2HTMGMDIL9GTTHIU38C3WXZX7QT8PH7MZH8U01WBXPBWSBSS7931CZUMP9J7742FY561
96,1993-02-26,2013-07-31,463079139,942556852,1968609,367670359,288364751,726669139,8,1,4TSHUG7,MME2SSMMBO9QM5U874GSFPJ1AGTL67QS9L63J5N8XF0V2XS7DVS249CO5KUCKHHBIHX5NX4L022LDPVRU3AVV0JTW4FVCDMH99QHYEFPYMB9IPO57NYLRA5EBX5VOYIYU3JG9C7XZACGZJ2JXDJP3FEBL6RJE68ATZ94EEE5YSNUFV3WFJD0ZAVI4VNSO3B4MLLENBUV
97,1993-10-11,2007-10-23,650336183,240522495,3175048,616290949,987875901,683821405,1,2,CCPEUWK,YGYL7QEZ4AGL0PKQ1D32NO1P7DN8S8VCS1DI4Z4GQ5AEJVKG6RSLB1T57V6F4NYV9V52W9SVRRS678WB6ODXBO8F9PD3U8IPGIYY98HBNRPTO0CO880CS1CJPXT1IRYUKOHBJ0N2TU33MZ39T6LCRUDHJBRQ6WRV8JF622DKT4X75NKK0CPV7WV1CMNGR3N0YE6XE5W8
98,1997-03-09,2001-03-10,630020644,745078896,34595641,883660755,158649831,650755044,5,2,ZJ5YT27,X6QPPW0PGJCUOTDALGYRIJ8HCA5168OJBYMUF748817T1M3J9DBEYHZ7C3DQVZ2VO45ENGDHKWPD74RG3YVEPCXLNO5P01TGWND3QAJN5V8PSEGZKFIN4SN08SPV38GY8SDMEEJPOEOKQE24ZM4CUTYGGHP2ON59MN3WWN9LM4VIF0ALI42X9KYQGPDS965CM92YO305
99,2012-12-16,1996-12-16,57297316,296659993,78145453,198993723,650117061,339014435,3,2,IBG224U,5MLF4AIJ57MLFT1TKPJTW2QTUOCZPARXU11CUFO1STY5WF3RADW00FSOQK5M3XHUTT53A1RYZ44MATCC59L2DD6QSENZZEDPYHH5SYFJUX9GG3IIXX4588KL9CNNRWRLJ4BB6XA9UUR0IP6CBPU41W5WIKX6N6QTGN7S4CZ4CK1XIRGI7WZ7FRGT51RRGQJCXAIE4QMH
100,1993-07-17,2010-12-15,521834957,741738939,39434758,10991667,806342137,418067825,7,8,7QZR8U0,L776BX09CC8PTQPGW41E5PK2O3ABS50JQTR7AAEBQW964WI3J4UIU5E5X9U3X9SQPI3EID4SZYGPX9CACRIJY9K8J7ZW1XK1FAPBLWT2XXUXIKYMCFVOWCC8HRO6HSDO2GYEBSN035L06LCOL3QLIW3UE2ZIVJRZINELD7FCBLIV0BPNOPPFFQT3G3U8VF5RNR8OEPAA
101,1992-12-24,1990-06-14,663031619,749826196,18975894,177529049,618068496,119734799,7,3,VDLDEF9,RZ8PKKJJIBSK8JN653II9R12SS082ITPEUNMDW5ATA80PWNHWLM615YQ0S2TKHFC57TP56X9AUYU6XEFN4EYB8A2QBBOZN0RE6GVBU4075CURHJZKNLCIQ7YRQQZIGZKNKIFTRASVKPDDRNIBL7RBQ14BKHNOE9WKAZSW9DDG6UO18X193QOET6H4GXGWLNGZGOYKIEB
102,2012-11-06,2013-03-25,989843571,303590495,53795677,803768380,136740605,140427592,0,9,NRUL63A,3SDA5YKXXHXT3KU7VXMMZME9TKI0Z9WE7EK2HSO1BD6RVJKX8G3PBVR39111XY16O2QN0YKN10DTQ7TAC4U5R0TBS09T5N8Q9V72UQGIFKW6FKG6B3KIIQWGQBN7V9WEJMSU1VEQZLUCWYVT6L7D5V6ODQVY4VFJLSF3QPDRXGSXQVUP3EJGA9TM1PMRWS8G5FJ8XD0W
103,2009-11-27,2011-07-20,252429107,158144314,67032434,609094688,703055889,261856120,8,7,PAQI2NG,5DP7ZZRFPPP4ATXXO2ZZVLKKQFDVPVXBLM8J4MOYR5VCWPYGYYL718DESR8MVBDYH271KO3L5TMWBI2L7HXHCWU1RA2B2JNJSJQIYT2MIG3OJFOTW2AAHW3WYJGZ9E4VGEIXL1UTKKYEW9HZAOPORKZZH3NECF0XYR83YWCY8EZKCXS7OBVWWSN329RUJVOUKHJ1XXXP
104,2009-06-28,1991-05-30,669582774,292409615,78681691,991079033,610907938,485711347,8,6,W58K8H4,DE9HXRDI2ZG64BB1MBFGJ7TPQCW22V36T7KYKQEWSZYX1XRS68I9L7772ISTBXIQRDXA0CYLTAFGSX32AT7TUC77N6LICAFZRXRMGNWA60XTGQQGOMPOZPMDJ92K7I54DBSSL5PM1EFQQPYDT1JI6VKINJ72C4MENJNKRG06GBZRB0HIEXZ97ANIPA4BMI3I3SM01ETI
105,1999-07-01,1993-05-24,109186049,705371677,80673379,415379809,899812436,682039667,0,7,LIKQASU,V29ZJRA4FYSX827G0AII42M3KK0JM1H9OTS2XGJWJ0HIHJZG8S03II6BXZ0XW5TW843HLZZ43E79A6MJCV2R117NJIFV0R60O4RHMQAEJ74JZEXYJFIALFMDOTVEPBDF0WCRIH3HCKMLFJVDM0USLJVE21O1GUWW1BWG2TOQPF6TMAJKHB2URAP3AE1C4C1A60DI7MHP
106,2013-11-23,2009-05-07,740148309,949808986,3499254,391263121,874472046,553592166,4,2,YYH1N0K,D66T70FPI7G4YEMP4E8GJYXLJ4K9CBJGCWC9F8V7KGD5D34AUMFQ9FBO2ALVFBISXFGVDR3EB7JX488G1JDSBG5X37OQ03CLQ0N0Q3ZSBT13O10EN0W3OC9W84ZL5G3U7XE5UUK6893XGQ9ONEPA8OBRNTO7SJUNXJ7S6PUUM044VBGV0DYFKZA5QNQH7BYWM6CWUT9J
107,2015-03-18,2013-06-25,73713305,416080928,95624989,211537316,900783014,356125889,4,8,QNKWB19,UO73HDHPD1468ZPP14UEZ9PGBVT9W045Q5WFU8262ZNKBDGKO9KNBDLB1HZOSOTB1ULOZJAOG7XTCA9UX68CH7GHOHVVTNX841U9BXJAUEBYA3SO5IQXGKKJLEO39WS8C07B9W57GXIVWH8K6J0UG9X30H9GTQ6S3D14JWK4OSNTIFTJ8MSRW682RSVR6YU7IXM5O3TK
108,2005-08-27,2000-08-22,412429085,6616372,36506067,583533744,268635237,856881451,2,2,QY4T3Q0,YRSHB52S9MEY6IF2N0Q9ZRQ61M9IQPXJFM6LV078QE2GHZEVYKAB9NU67KJKEEG4M9MOS60QKXJ1CSWME8PJE6Y20ZU42LW033ON6O3L9VWTDN9NME37B8NHNY4OZDR7OBU1W90D10W6PME5A9OD9JZELYJWZ7069B8FDQK23LMVY1RZG1W9GLQLKHPZV05T1ZQMVRFU
109,2016-08-30,2006-07-13,458546937,632596685,8679380,473279942,199809211,596200974,4,3,C0VFNNS,OOPSAYHFGPVRGC0RWHV3O04AUCQ7WRB99DLBZBYEEVNSRF3W648KQTLLX1O3HHZP8ZMR4D9QZ8RMYWUF4S5E6GP3GG1IRH62BE1L43YVY9BZ8UC3MTF6USI63W6XNJ9YHV4XXG9UTY3QGGP2WX1HRJX3OY3L2WKUKJ4QY0YA5XKJV8KHK8D1OYJ3R8QMAUIQJJR8I145
110,1996-09-17,1990-01-16,771745417,218708092,56893983,900356886,336605550,56805836,9,9,Y2PUA8E,FBBYK70DX2NSJIHQ8D1CQUYIO3V41X9J3DNIHOR36PDFWV177WHHRO3P1GVGTX4PD8MW2LPYXTJGP4689F7CAF8K2XKYCE5KF7R3BAOQQOH9DGGJTGSIDZPQDDMWH0OBLVODZ5VLQPF3945SJ8JGUNU0L6TYHGTQQ0XM8PKFX2WMRPGYXMMSJIYW60JGAY0EF4NGMKX8
111,1995-08-12,2009-11-21,543505216,787313774,22398491,183940738,749708825,893249378,3,5,7X0GU7P,3F4OXOQTA5V11QVZS76YRPQQGIO1ROP5OBIJM4IJU0FHM42ZD8TU4873CKKCN4XEWL1U56DD5B49Y6KQ775NM50QEO0CQZQL75CE5EVL08YA9TGSFA38QA30AL2CLEA0JXXDYW4FH3EM2ES9L3RFRKHMRTMAL835CU4FP304Y3KKI8PCCFGEBNFLCD9K3AB4IWK5U189
112,1991-05-18,2003-02-06,688659621,984668366,69788758,382068389,205130545,813425767,5,2,B5PLJ9K,R4KPBTZFCIRT7IORACB79MKKEC53UQL3X8X29QQHNL7Q97OFYKHJFGB6DG1V0S7GBMS8PCOYYN6QWH46OL5OM4JNKWISRLBM21V2AP4OFEUHSPEBR6SJIV23IPOGP0EIEH2YZOZU6L64JN7KAG35GAYHKOOT7IO8Q7T5CHOGO9R5IFLI31Q3XAOVBNJYZDXJQD79D5GB
113,2018-05-05,2000-11-19,412620525,94872503,46806523,508379991,296591643,324240392,8,6,2TC59K8,WVI3TLV2RGQEQZI1LY11G04NCAXQB1QFUF3W14MIHISYTZ7CCTZXKTSQJ4BZMUH9GLB27CXQYX52OLM6XDL8XFZRFE5UW0NKUDYKN1IYUHUCOLW9YE0777OMXDQ5R88CHDI19GLI9J9AGUN1REWGVQ9OE5SS5JCK8BJO6MOUR0CMDI4JPBYWE3SKGEJG2MSJ9AWU6M78
114,2019-12-15,1994-05-06,220989396,663211892,64063389,689281500,213036373,704816832,6,1,1JDG8O2,DNX7HOH9ZA27LYU54373QCTO7YDWC7FISCHK6QIIEZBHIHLXJMZMGJVI22TEDUM2BLTJRKX2N1Z1E788PELGREAQ3QTRVYLCTD7E5O2CA8IX546AKSR2H3E6BUL2YDU18V49PNWQ0EAFJYM3E9US737NXZIVMNJD9D4OC3N2L34UHKVV4TN9XCQM9UPL05UJ41EO42I6
115,1990-04-03,2008-08-19,968991285,275438978,96989200,678219811,832855740,532264513,4,4,DSMH1H0,4QP5QOAPRJISEEGPYHIH56MQLLFI9QU94HH4ACU64KOY6OPTE4V94C7JKAA9PHL33YS7JHJD7A8P7XYCQBDNAJ94179BNEJQUIHKA941PUI941ZB2246NYMUQV28VRRH84BKV16FS100RKE6L9Z1BYWGTDTT492XHCTBE5AJ26TKT2ISDWGQEDI452KCV7449A6KRJ9U
116,1998-03-27,1990-01-16,776060094,576358439,21632924,515833454,354482087,715892388,5,1,7MLYZMC,A5AXCTX41ORAHCP8U7D7W44L54EINJV2EAULK2920VBTUJM1VBM88FFGL8HTFH85U2NQP0HE025BFXARZZVAZL5AOU0KF6MOKNNJHMJ31E6VBHFG8DQKTMKCXMANDY2Y00RV459WE8PMRXD79Y5I75DQH4CPUQKXZVYU9TYKEIG7XBRQFUEZQ0OMP5SB671USZ4OFN7O
117,2020-01-01,2017-05-05,830930963,89563795,26609304,616687202,913795198,540528129,9,5,17XL9RL,6QN4H2CGCKIPNBLR1SK599P85Z8CDNFSM38NLBB3905SRKZIGPFDSVQSB5MZHOXIZE33RMDU2F9XDH3UFA2A4WA6KDVRDQZXQ0MJ65ZG954UNOZIJD058K4FUV83RW4C7JXWBDDFA8T6WI037HA5J6U05IY0CHPLTNWY7CCBNI3FWRR11UGUWIF5T4WQN2RO5Z8MA418
118,2010-06-16,2020-01-10,718509032,644518868,64504644,134876865,267574906,532764972,1,9,840WUQ2,JFLPVP5RVSNB2V0FQGC9WE2MBPBF0KQDX6T44FPTKBCDYJN75K80H3OPF32ZZT8C1G1FNVSWFHJMYM9ZN0CRDQS6YMF8LYIFRDZMS9OMOB41OBUBLC29D0X8LLTWYM6R5E6187ATH5OP6PXIFUYEMGCFODZGTYVLIH0V3WQ5KSMBIMS9Z245BT0ICIV2JA9Y2HAFNMEP
119,2005-09-24,1996-08-24,545484447,931671304,33358651,452563416,646115510,179307760,1,8,TIDU7NT,Z0NI5SUHQMQBEZ88ZOJI2WP5931KJVE46XJ54C9DQ9FFB9195USYFGCQM73YDEOYW0A1QYF6SKBINH3JPWO3BSYT2Z00W8TNO4UTUI96L09YSIERU6YQ3ZIC317PYXI7VQUE6I25MQWKKSRAAF2U8Q3FFUV7HTQZNHCRYBVW6MEXZGBBI7SMPC9O5R7A7LJBQ6UDU7TB
120,2011-10-26,2006-06-16,279498602,528658315,18762376,90750805,181224461,794975092,7,5,YM1AMVG,X8WR3QTI7O7GAJ8BX3ROLVF8K9YI7AV3V8BD1FOUTTTY5QNYE2YZFU6Q5283XUCY4ZX4S945SFGGPSRUER10C9558RUOFIZUENQ503UFX33RGZSLE663EVOLGHMMPQ4K6G263T7ON1LOV4E5XA3GSNLGK1XYK6O8MQJT7YAQNNJAQRY57TFTAZGFT12ITPS2ZOH93A15
121,2015-05-03,2017-03-02,693240697,343497919,61494057,693453539,105150785,618573920,6,5,9BR3C0H,A8FZ7OHLR1KFWCT1TUA5WU2VLFAXV8RGMUFBPLQ4EO71G50APELIHAMKK0E0OP3PZDFMK6GJ7Z3AU3F7VMZFR101PXVTI4CF8QRLG8M5SF4ZVNRQ8RXUCFRILXCC82PC06K9QHWNBPT3S9EYF9SHSU5Y3GC1A9HOWIIGKZPEJEVD4W4N4KYRMKBOZJVEJMWYUV3MXFNV
122,1999-01-24,1991-01-25,898284567,360140511,8948748,679083975,530894035,185304203,3,1,1QIJ7OU,JE4AEJ7HHC4T6M4Q51WCPY9CTWDPH43UC427NXCOLGXIMQO272EM6VCZPAHQIE3JVZEYLK2IASPJB9EJK0544UWTANXHQKSSRCSREBY7ZMSFTPGEWGG8OV3TKAOO3116OKWBJ2Z690CP8WVPMFI08FW0DOO5QZWQ2DQFCBBHUF14N6L2TL2BFW3WDUB4S9Y9PU2FXAQL
123,1997-07-29,1991-06-11,576706933,735179996,25051975,164773059,780783797,682877677,2,4,61UG56Z,YO9S0SODPKMB0TM7IAR65VT4YYNN1F1T8NOQZO2W0U9YYRHW1L6DRHBQKCF3C9L7HUW8H6AC96ML78W1W7AFBHVRZ3IGZLEMEUI2C5JKD6B61ZDFEV75GYFG1QU4M6518HP6C67V85XP533NLD1G5OSH2XWY1WW3U6HSA68FF4JL96S6CY11XEZB3FUSBC4DEN74RSY3
124,1998-02-06,2016-12-17,510818586,263078849,70186347,117317559,116986555,249539857,6,2,1MHMCYP,E3EGOKXV08JSL8PG4065GPMVCCEIWHLODRZHHI2PAS3Z5NMVFHBYGHLP3LX7IAEL0QV0ZE49Q3K9PAYTQZIC820A4NIYUOWYQ9KRRMRC4ULBJSCOHL4GHWLEVSUG7S3COYG111WQWYAHN6KNJHPIKUPE093WOR4Y3EFPH1TNL456MVEPBRD1773PHBKQCIS5XOB0P27W
125,2010-08-19,2013-04-05,263098731,163020140,35845461,355635031,21178554,878092544,2,1,AP95X15,7EKVCEU4C6VAL5SUIVML8SGAOWWJ38UZSMH1DD6HVUDPNSPLINHZMJ7TPFPJAVSH6AYUQ35W3DZJAYNEAYQP8TCPXRLURTAJOH1Q4OSLNWAUOK10RVATR2SZDNVE5EZP5BTXBHSZIXZBE5UJLVSBXDIXCMOZCBH5JYA27JEQNNRRFWVS308W3IFMVJG2490LM8WKKHKD
126,1991-01-01,2012-05-09,129950462,819324423,83553293,81249497,110811469,334352492,1,6,MCO0PYM,M2Z51DCKZWXZH7MBAZ7LCMGSD22KPEVFPXDW75Q9OKOOYND47OA4UJUCPX0AXCPXINUURLVJYKWF1Y4VPYBFHC2GOZIJVT53453Z9A20ZN2KHZYXTBUZB06JHUMHG1VCE301P7GJGKIXJYYACQ9ZRRL5TZSGE3QLE1JZMXR6RMRCA4IETXPMEZAG0AATI03TXB44WLSW
127,1998-03-13,2001-01-03,846118644,254503059,68218008,799731950,730491398,583159782,8,6,LWQA12W,DTAVN14IG563BA7WWMR0ZWUAGLKJR0HNSF9UC0ILNHFTK2Y308UZ3OXNLXGKD2TGE1ZUEVMOSG5J85YVQ93VDTYSY0HL7JWM3L2TU3UGKUH8LGILJLD5FKJ3VCZOWEE242YDCIMXJE34654425H5SCPCFWDE1HHN9W8HGWABP0OFL7DHDKFUBOB1CJC1RG0KIXQB2QHU
128,2011-06-12,2007-06-11,788000420,517915033,4894463,410868782,395183274,191905747,1,8,UOE6MWA,TX55E6OODPHY7JATQCJSM21BCHVI1XCOKW8K438BML6KCU0PKHJ8FVOPOUV03MD6OQ3EYBFWW2FT94ISSZSA4AB2HIGEVSI8P9US3UZCC4W4U8WZVHANFLGG7H2ZRM0Y93G8WN7TZIYQTCHOCSLHGUKVBBAYBHP17Q9H8H93KU1YIL963YVGMO0CLXU2FOW273TCRHMC
129,2004-04-25,1995-08-29,447940486,459371741,23115720,675118362,268064789,515419048,9,8,KUQVZI5,7MJ76NHTCGB1ZJRAIMKRQ984LC48EG2N6Z6WRNBFTE6FTOG9HNMATTHZ4DQT6JSE612NOZWF6778N89YBTO0DYAUIP419M8PE515RK7194NZKLJ8UI4OL0BX2VZ7N953U2TBFBJAHCKHOVKEY1ENB89RN1KXH6891EL5ST7IEG8JF2F1M3LHQS118RVDVUF07EWS501B
130,1998-05-31,2019-03-28,854880647,463012501,10475177,353464434,110282059,544786432,2,1,QYHJ3SB,YYM1I55WNAQUU9LDAW0YFYOP2ZZ4MLNPJUEYY52GPMXUMN60CQWKBWDNDC73MCUTE7GN389YQPDNNFQQDM517EU7289LBGW499UCYIQF25613TMR74LV8VUBLHIKVL2LBGVH3FWIUOA5W4NVJBQIJZ9EBDVFYMTKPQL0YAE68VAWJXAT6KGXURWN2JQ88Q3M0DKFQG2V
131,2005-03-05,1997-11-19,587479055,269195052,84365349,90971837,19850764,713381345,7,2,MZTNCFW,WY06NJW6O6U8NVFZICYU25APSC1BUUF2ERH9LWI9IABMDYTOPI2P0K6ZWIMLSSXVV9B8ETCOI9GZG6C1XWPT7V3C48595PKP4I8G7G2PNIZZ5RTJ2WS99X02KM37XD17PEGB9B946P65Z3K4P07XNCT3L6N127MWXXHX67JAJ26O8MXB4VSZP4IBWNGUI5GW2XKI3T3Z
132,2014-08-18,1995-01-01,748449693,687963946,3692370,940642374,882782602,223365144,6,8,EN2GKA6,0DGQE0PSTB399RJAYDLY0Z5QPNSUAXPDRC1L0Q0OK25UFCLDKQ2R81YJ0OLW8BYJSR6C4E6ABITQZ8AHGAQF6MZH0TIX93V8IDR83F5XYCLNN0S5HMQ37W4ESSK2DWEC8D10084OUWYIXAZ0Q2DRBAQZOZEYFPHX9HLWAIU7RSPIJ7QDOBUBE6OQKHUDBTSE126Z5K5G
133,2000-11-25,1996-09-10,412120407,256098817,69772822,123764977,416365725,188638236,4,8,XQV44VJ,5NT30ACL766CYCWLFP5F42BDCG2B28FFA6V377REQ0ONCXT3RPLD8S46IFRCL7YGBEDTFZYNGM1OFDMVL7Y2JPVH8VXA9P2CXK050V8K4H5ESQAS525BNOWBIEYQ6BTW129XUPFEOEUID90YLQQBSO89K6H7LJAVWR5PE3OGIM5OJ2J4ITKE6FMWF5LXCEWV4LE34HDZ
134,2011-03-26,2010-08-03,198497913,948996195,98783096,513762560,162743878,419937405,0,2,HQRGCZA,2HP6823BBKWEO423266Z7M2B8S78NHPJ2S6OY1GGI14WQYY0DN3UNSA0ODOPLJFROJE4AW0MA2F3EY9G5CQI8ANK7WX8CT0PBRN0DHIXAY8YS20BUPJHW73GQ9NB6U7UK4N0OR0QNQ491YGNIHGUD4MKRCCS0HV60HJ0XX5WYX912EQRW53VX6IBQWDS35N4T7TKG5DD
135,2003-09-03,2002-02-02,885650870,214925532,59203360,367567801,650431945,157056242,8,2,K66141V,VSDB6LKUTKBTIZ0SKZ7MBD0ILS12U8Q55BIF32VSX5QPHPNSYIOFX9GFZLBJYPZBDVCGUACGK94UYDI5S941BXNJ30I5FWYDJK8IB23W1Z146LVEF9FMAU3LL7P8VSGUEVQ3QSHZ1GMESK8BH6OGKJTUTCXI4KNTSM3M7IP5KZ46YR9T7FBPBS6CD1JFLMZ3G01SZI5A
136,2019-08-23,2009-06-22,540620071,814880578,6606502,123988512,344544227,497610460,5,4,TQPAZAU,6DNYVJD2CW0O2LXWEHRAVXJ79WYFXCPTQOP4HA9SACYNCJXL0EHIR6RDBZGKMEI95RVFX7CO6YNY6NZV6D7K9061BBOW3YD5VNC4D0BAAZE58UT6CY3H55A06MDYM8X2M8EBYW2VGLELDHOY1TNGHF4WCN6RCV9395WE4KH3Q5RFISEMJWG0744EUMSFIP19P6Z18SXN
137,2019-06-13,2011-06-13,971054673,714359806,89342264,317217644,224711130,545220957,2,1,CBLY7EK,SPJ5C92QETBLSTT4VKD6QZWXVFUITJGK5HRNLMYUBT8WHPKF1J2WWDRWXFJWHE57NQ4XTSOK7ZV4BRUCBY5Q3UW9L838LIB4WLTLS0U708V2XY06498ZY7RYFZYR6ZUBX4EVGF2E0UW66HMEL73EQ0KOF7Y9UKN9VMEUH8S5WHTA6EKYXTZHJ71B96JTW5W3F3F1TLNJ
138,2010-07-17,2002-06-02,882041359,562664859,36392360,446273663,660615516,733779455,9,3,WGVWF2Z,B1X1YY3T3M1IZWEMYJAWC1E8DZ16YMW86AL4SFYXP46I3NLJH9T9O0ZRMKD84T1YWJDRXQ1UUNA2YG84RVJIDN0ULBI1ZI3TUNA5K48Q3OMUS3AFA22GUZNBQ2JRMJ83VX7133U946DSC4TZ5BJMX2TY3Z6EA1HQ0Z8HAOV61SNJLU4ZVG71HIQYWZRUYZ6HIZPJJ5F6
139,1994-12-06,2008-10-06,395345836,538438267,6271959,190617065,295107990,777597033,1,7,ZJEYALV,OGPW6T7LGOI85SS4OSVGUCG1Y98M01MX9FVINN3TE4PN7BODXSRFXVFCFR5QQ0FARQMM0BO4712NQ0BIDSO7GR7IO0Q5L710I7GDBVFZS8LFORJG43TVY80OW5VJJZ7ZD9A0VULB4EC9OP7OGTOBTLTY919ZOR3V15FKMVPIZBRWG6T92J8LTDBCZ7TPU9MQDRJ2WN05
140,2010-09-08,1993-06-20,366041426,232126519,16408090,736753113,67648069,485228354,0,3,6DWYMNV,K6AZIFKVXN4MK0U2R36G9PCBSDJOJHUWOQK3P8WT7JYWE0R5L2FETV88ED5E0BG8M7JZOTUM9LVHPBDQKAX8IIU51SJSXO7226CFL72TZA9FDEAUKLPYYLUL8ASWLZV19LM0NES0VTC9Z8BKR1JF2IBZ87TXGB9EYQL9STUB9NZX1EZDLJM29NNEFIR1QAWWEIG2TX77
141,1994-05-27,2006-12-28,43369278,53050977,93846300,782503830,169967142,925616510,8,1,3WJOSPG,Y196WEA1DL7BQP40FIICJLUEXH4LOK1LPNTFD0YXQYW2DQYHJU053XBRHNWS9FK4BJ27MGIYJKGRSETMHM9Q1BLCABDM99P1NTUFX2UME8A5EKQH8Z7OGVPZF6YD6VCIAN3P1BIDNIOAL0FCSEQ1ZH1YR3ORP2P0HNFTIFRM9VBZ3TDXX5KQ6KAW2VA829D5VTQYWH3H
142,1991-10-14,2002-11-25,736479407,282238240,87255578,598927853,930652437,302021522,6,2,58S0ARG,SG0G6T5CZCO6OTMZWKRD2VQ4FNNOVXN6FEJA2S5IFUHDHOVQXKF4UGQKFOAWYLSBHQ2ZHBTTY7JVFXC4ULDHGXL17INPDA48NO6Y6DGAENSQL59PQUXSOMJLQYS8GB505Y5VU5SWYX14BA72WHDYJ5V4535MNF5FZVUDE6SEF7CDCJX6OB96P72A0A7ARH50DQTTU707
143,1991-05-26,1999-10-09,371470789,441485159,47793832,407520657,840097105,662167097,6,3,OP1BCQ3,4P2T7R78Q5LSQEH8RB7B16J56L5MUSDTGAJEH1ZZXX0RTI83WDMK4OPJFJ24UM1PS24SM6VFM45QPSZ7YOMH1VL6M686A24V7NDG8BKUX7UVC5S8OOJY78APTG8HXYVXOPN5W2VPORJU77967394JQASCY583WLLESL2XROL4POF3C3966OP3EUE0B4RNVNCTVN8WITR
144,2004-05-20,2009-12-19,393843595,267792946,40637567,526335549,651788935,182573505,7,6,P0HZZXR,BPHLBVJS65BKS6E55PXFSPDG3QJJNDV9OJ8KT888T7C18N9GGOJFFW0P3ZMXOOP6CJT1ZQV3M47ZGMNTGSFUUBRHK4367IUXMRKLTUUM0RPC4MX2ZH5MGCWCMHV8IOBH94PDTI42F3YHPG0QAP20LJVC8IAV1DKZN7J3BTTIF6AW7Y0L3Y39X83I0Y124GWG53NBA9XX
145,1994-11-12,2017-03-18,640384844,439205835,71432863,962496295,721512315,827877261,9,3,9CMFPFH,Q2RX46LQWA0OBVZNMEZF3UX7NDGP6G8STPGPZ8FFH0650HBY4CESU5N9VLF1U1SPBJ452D6COP3FRHE00J19CU5WGRSV2QD45UE6RD7FV08ZAATABN14EO6U9FSB6LEKJU789CUWOT6MADFF96DC70DI2LRIIE0J4EZQ8SBSEB51IAFQQ8OBWUAC951MKDQ10PPRDFIJ
146,2010-05-30,2006-05-10,85054886,902513440,91177362,249862214,264022275,538017929,5,2,ZO56UY1,227FCHEQ1I8X81FT5DPZI8AGJ98GTQB5SZB16WTD634U8EA17291YY9YL04BKVJB4RVDLBS27FG8LDVQVCZ0QVCW1AG5IWUS7R1Q6BM8H0T96U4ISSVM1U1U5BQWO9R3F8I93RWHPLRYH1DG7TUQMEH7B4U3NC4C5ADKBE4UR0V6BH03O8E252D1X3YRWUXND06FZE9W
147,2015-08-08,2007-11-18,436281642,115871446,69168053,706968548,362536628,668732187,8,9,HQYBVBR,XJ0DKSTBDISQ45C3KXDQR6U1BFWLIVMOWLTXHSVTSFS23WAJT8MFWKEI8UZYWZUQSZR8HZM9IRCRVCHWPUKUO4RZPPBT4Y4XDOHW74U3IFHVYXV6LQNGCQ5G8XPUQGN0K2EVUC0QYDYACJXKIC5XF1MJAXA0ZPASMYDN0D29ZSMGFHMVLKT2PKBA0YYYW7AASABTRRQG
148,1995-08-02,1991-05-04,876769059,627319,20198823,680101919,555236105,843848896,4,7,VOVTD1L,AJNVB39SK4K3QI2R2L19T5QNXWMRLM63QFX65GHSTN0NHHPHGDAVNA32KBD6ZNE4WTWJI1SZ654YBIFWWIQ4JHGMVJ175WDZ8E7U5DN7M1EVRMQI4AAAM89DYPVZ81BNNQ25KO1J1IROI03M8R5JO8ZN6Y6XD4Y02T8W9PIH33IE4R1YEEXLZFQVTZ0DBV9HAKY0HHPF
149,2014-08-16,2016-11-19,127752614,253932243,90565949,834393258,212669857,611936903,1,7,8SLQEF2,72RERBDPYDVAC0HG9K10DG8OV06JFL4BV2GH1QVZPY3X8UYU0FC6F0C2KEHG9Y9Q45U4K4Q53QLMADJ52VE7O2214OZ2I7R9SPKN2H1VH2O7OHZKKLCUA6NX4KKGFD58E8XIQJTBZMUINW1MQ4JVU68WLFVAMZ0R20ZRJM9QHR8GUD7KJBWR5RQFN0FJE0OJ99UIBIG8
150,2012-02-25,2002-06-17,468357323,84486524,50435405,801492146,553671840,429163958,3,1,0Y7E3KZ,FXGBBF743YPJYGB3L273B7GVKKT7ALB86RSDBGGT666X16UP30C05E39JTG9FSLZ9ZWCWAUSAX25IY7GU2YG7PH5WYWLD34NZDOWQB9WDSVX3SJTXMKR9GLG4H5NP6PBFC0QNWXGLNPPHRX5V86D9BUC5DAK4U0OGKEKM5ZXTEAO0VXX93MKW3HUFCADS2MP8AXK05QL
151,2009-01-07,1995-03-12,437437699,528940257,12767067,336609773,999931172,227491793,8,7,NGMH1WW,7SC59BWBHP8SLFKCU7XG5ZNRV4AP20YO4T49NLUQHBKNKXG825OFFWL78X1EUGH6QL475KQ9NOTENXC35REGI7XXLOPYWY8GLO9AKSAILW14AKMJLC60SFUFAKYJ54RIFMCGRX5DOAMZXZXBYB9FWYTE8XMVM5D7S0KU0A6P76BP4T27SKQVB55S9W4DF87AWR3UMARI
152,2014-06-18,2020-11-23,783041061,490637246,53051556,182245609,975063030,356042833,7,1,ZVCZ2Q7,B8WG3KPPMZLQNSND6R8Z7U2QJCZ61BS08NC5B5CNEKFMAY1B6Z3VPD2N6PTNK0EQ0OIWES1G7OFJ9S64LCIKY5EIR18XWWPWVIWEJQSWNVH0PDKSDB1WUX60TI293Q5FMR3MTHAO7ZSWLS0WROVTI647KEEQ1UWJ4MPCCT8GNDZJLTV2ELE7QEQSOFWDKYSO7PGUUF4W
153,2015-05-27,1993-04-21,223060059,392156630,72155006,886271916,629216197,692463452,6,7,4ZRL4LH,GHWB47OP39T6GKU3KYMUH6FACXZC8DAPA0NGHNEDDHMRB89K0EQQL3TH2LJ58P0PXO5K7HQ7UI527F33F5K4N98ZXHAPLRIUX1BWHS1KIPB0WIDRZM7BHKH8UGUVN07IMBPC87CUUHPI5WF8CEPYGKUHSK3G6RUQZ8HN2CKO7Q8F2212H8TMU0BKX4LODU9EJURNO97C
154,2004-02-17,1998-01-13,12163959,382628486,69512202,4752209,956256436,250338990,1,7,ZI6RU6X,D82182PBAL4HNRF11FTJEW4ZNMZOKV6NBC4GPWQ5HGO5N1Q8SK16FC1GT2THMJQHE6UG2YCSIDJHJW098VL731VDXLJAIN7UVKGGJRENAYIFS7HGXIKXO7OF8VBWQGWXG9T6NGZUIXY6IVUHR1KQSB3ER9WJMR84N3GWS0FYTPTY1GCOAD4TG3ZXEBHBO9I2N8HUTHC1
155,2001-03-30,1991-05-26,367162496,819287253,657813,541586898,147862008,3510879,3,2,U8KMMDM,QCJ7VLPBK9O2WRKD7QL0U6UFOYCE3QQ25OBKCL5DAIB6ZXIQ1LVU6SRNWAVCIV70SRCUGLFOFSBGFWKYGAKF2H77YHXK09TC861HYFXWSD4DNYXZAW0KHMDXJP2V3Q7O9MWCMXPHIIV914P4PNJ3XF667CAVHJ1DLXCMIEEJUW1TVKRU6GXTBFMPNBUAK2K65QO5QJTD
156,2000-02-17,2002-10-09,759233646,436098118,38865881,823986306,96190134,305693290,5,2,A07TQJM,Q0DFOJ2OQC30Z64ST6FQMXFXVCH58WZC067PV54J0ELSDHTOZKXJU9EVPELSRY8N8TFU7JKF28XQAUBFR7KDA3C8HTGXRTN1MFNNU0BY92NV7RGUCSREF9RRB915GJ6ARQ1FRZ4C10XZQPFA5ETEF8SE01Z6HNL88766NHGNW7GXZA6VGXKHRD9TQ2SDXP4XGQVQHOU6
157,1998-10-16,2015-03-25,140921758,38430517,58867882,853654611,329619004,197513750,5,9,06CLHEG,5AZM06IBX22QWCIYVWOXJ4Q4DQTEMWRSPMEFU4L7LRVQMO3ETBZ21WONJ89E7U220WH3LP2PZWBF5WLCIAU8NQE01ZNEMGKPUN9W2Y2BZSG3MXKJZODS470Y5QB5EKUQKA6LIFWP0O1PJ0DT7WTYCVU2ZXKQ16GZSALIBZOG074OWI4YDPMRRH5LHH414MWL1U47DSNX
158,2007-05-10,1999-07-14,456970171,811045998,47402499,216578182,7698304,563786525,1,6,9PHO7I0,704K384EJD5U29AYL6CIW89JQXTFQ6DGKEPBY3R1Y7S9A8XO4L5Z99MYH0Q0R6W4VXA4U40APHA1VVXQRV4W0CSF8KZGVDLYISEJY6GXGPQUG0SUA7ZWARB412TX1V2UCWW5P4UYQY2AVIVOEVIGHSK9QX88E1V3UB5EHHH5SMWP1NEL3QW1BZJ3OUP4PBAVNG9JUM7B
159,1995-04-19,2017-01-03,968707622,415689502,24451696,391687350,430876948,185852349,2,9,ID4SI5D,0Z5YDMZ6JCPCECJH43IDISKIDS30U9DD53DQ1YPWMAOIW3K2JNCUE2N7QA5OXSTQ3PEUW476NDEU0X1A1XQFYE3CVGCE4HKVZV1YGDJRAWBA3BUA2CRL71WV5NATO9IV6VVBCL948NY3BLOA8WDPBJ5VZF2RWHT2BWO0EI7L6VYYQH28VGBNG41RBUU48PHLODQ4P64Z
160,1996-11-27,2007-05-20,263804081,602193174,56252276,988408444,94029045,394480516,6,9,880E4FP,7MKVQPC6EU36YG8DRG0730EEGDIYA1EH02WLAFMHHX5EER626665O08SXZDKCV0AGNFLZPFMYJU9QOU9M8CF9JAPWDJI8HZUEA5HSQX5BN5I5D883QFO72Q5NF44VFRK6AR2KZFAYLU0JA0B5OS3VA682LLVCYAAXZSAFYCB1ZR9HFVJT71U2P07NP1PEEZQFCX5DLRG
161,2019-05-03,1993-10-13,650988298,357792649,44226239,763020979,717335230,871394111,5,7,E8RQF8C,5Z9A21BFPLD8OCJ4DDJGXZQ3F1P251R75VOYU3FDJ8PCESP5LNXUQDFEPW55IL61652IDPNL6B4NCAQYVEDZNZTW560MGHATOTM99HXFNJ8MOVIC0J8A65NYMK74M012SJ4RQDXUZZU5BZUK2CLP9EJ8PS3V745N2TU9759TNJULQ6RXP66GNSM9NGW20F90KRSDIT4N
162,2006-12-09,2000-08-04,41532597,441470930,57157883,587671752,855184189,84024683,5,4,ADL0Z2X,LLKEG7FXH9H9NT2XMT63MZDT80FZWAAA8M0D1JBOU1W2KYKB0MX0KDGLS79BASPNCIMXDTFLWMCI93I8FRDMC1F2R5DZJOLMILY6IORV6Q7E153CUS4626B074U2AYWT74UFX342IL4NB3ZSZ8N2DIOVI18PFVFV8UH1GY8UO2FS6YD0ACFFN1JK0GD20CLPRBNO78CN
163,1996-09-20,1991-02-09,547925191,16488795,61783393,350086773,682227567,777256098,0,7,WT7EDLW,M7YEJHVYSYORFYTNF9R5H9S1Q147W9QDBHYE66CZHTA1NJKWH67CLWMYAQH8N34CYWH7PUR8ZE0Z6G1H8ATXI6E2AI9PNGUA0Z7JH11M4BH9IJ1AW9OP23PCGTGBGNMD4Z4V039X09PZJXZSQBQQRSSM3K6LBJX1V53Z83GP23H9AR00EPXMZGA11CM9ZHR2H2OVXL8X
164,2000-03-21,2011-08-15,757833375,796088180,25892783,336667885,763583098,363234439,7,1,S1V36OA,LN4LOMN10YPI33TF48ZKPHG8B8B72K4NREURTBHF2GOCC54166C1ERYTPNWWVLAP2SRNA9LTCRNBUBLTPTIHQXRM7IFN6F56A58HQXMYU2J04BIQKU6NP21POJTFMKY7F3APTJIV71ZK1IVCGVSJL7KOXHKUGRUTYIOPX8LAVEDK9NY4UXAFEVWGNJ2Q2YDGKW3DI8MG
165,2011-06-15,2009-11-16,96567612,622600182,78879882,96328453,788371401,431678412,9,5,C8VJW3B,61IITT0LTY12XBYF1NJSTKA2FWZOR84D2FHWF6FR1E63I2RD0MSR5KFZ5VEMYRLDT0B1AG1XQXG323L3EJ891EQ0TZ6RTG4AO73DQTBJTGSR15REFPTSQ71LDCFP74E6TMJK94E5EGI85BH0POYOU7KQI78USBPSAULWFH4IM4XWZRTVBCXYSXZM54PUCKA7BYVWNMPX
166,2018-07-23,1993-03-10,56081120,140384113,66641503,150622091,757365529,476582723,3,1,VT31FVA,IM8F3LPMOX5EK9XNUTLG6KR8VRE07PADZX3D79328SVPASJ4AL439HQTKF3OBRI4IFU5DKJJNKIBBRJ6XTQYWXFQA0MHXNG4671FWNZRYICNPWPGH1P3MT3467J8Y8K6PVTJNNM6KQ9Z63LPBNJGTBI3F5DR9TPQBY0PVB6QYLTGUP4U4RYP9L34UBARRLI53FWHUP0B
167,2014-02-10,2006-07-27,575030317,487190572,90310106,823846036,721678789,476895976,6,4,KX6DUCL,CG58OC2R847D92JFPTZDHAYRJ3ENV3KKHGMUWJ8NA8GZ0K8CF420K1LH3D0BW2ODNT0TLQ452FS9M8KB0JE7U8L0RDWYDWS4I2O33B6SR8W7FSG62HMABZOF27VGAMJPHCVX01N2XR9CQERFPF5SDUAYIOZSTXVWYWKKQMADLTM6G830JDB12TSZR1SR3RN7GRB56LX5
168,1996-05-30,1996-02-16,343914021,687483862,40515470,874091255,6499563,321581920,3,7,4HRIXCT,MD12MXWNAHX6F8FRLFIMINPL2F9D84MMIZCBCJQBZKMRRB8ZT54XZSDNVNR17GGAJJ2UHDEAEI50F5IW98VOJXGA53TDC8KQ76MJ0G23233ZJZH9GGL85B5MIIFKBDPK42EBRFY3PGJENVW6MJGXWK8G7F62V29H5DBC1X4J7HN8RTHY7UTSVLL2XGIC3TZCK3NGE3C1
169,1999-01-15,2015-12-31,520342414,82590713,11352054,43959633,943436838,293282143,7,6,LEIHCJG,7TLMAITUI5MJU34UCW7NJUXIBMQEFR00RA6867JFRQ5FCMCEQ1KAMQILT7ZT8W2XYCAF4I1D8G6B5IZTUMPVS75PMKE5ZPYVXIVP1JM8J9GPQZSGI5BB17ZV2IV3NRCFZH49CCKE74BWY5PDDL9M6U11DV53OTJTYKX9VUAKRSBS3I6FBVGSL9JO3GFSJSABPH94ZK2P
170,2012-11-11,2006-03-16,56016132,864607333,74827502,801707838,675536566,982126283,3,4,QIVYXPV,WZPB0WAVXQKUDWC4MQK2RA5E3JSR1196Y05V724J0LN5K0TBLBFGR54P7WX22ZV5FSQ2G38PLY30PQ9PMYOHWPJYFFFYX3DWAD9WA8QFJ284DIUS74D04L2ZMK2X7XWRQZTTWEIZIN8XOV22N547CF4YNBSZ62M7MID132RY1JLP19YKAEBTVFJ167FKUNW2STM5YN3M
171,2015-01-28,1998-05-14,853738059,786955591,10113604,24481048,588989102,537019988,6,8,OV7KG9D,0OHRMH4ZLI19ILBXIHMSG6C2X40ZWGTKE8WW60WDMGAHPWKSGR725MC8PKNK5103241I8EGP1L1653STAU53I7VZ1GCL4AZB8YDJ8NLCG6I1JPJ4AHKVRWUA02H71WAMV3U84UFVBY46OS0MFSBQ3R66IYIEK29Q8LUAPFGWUPI3V7AD9MDCR5TU6NH9CVRY3X7I293G
172,2006-10-11,2006-11-13,883926435,290800174,15843977,298897733,184885832,910961673,8,1,C9LB955,1ZC1JJXDCREF1TIL6OF9K2NB8Q3A1OOUZ39SYU4BEFNNZ6TLOXPE189DMPNRBXRAD37S38ABP7W8VC6RCN39IK9VXOWZOH68V3VHDQ0I5WZE1PY6DTR1HHZW68D3XFKTF530YUX0Z1ZOWT8226H432TF9VLJ2Y47NI2JMFLFE91EJF6XCMHK5JFTMYII5DSB1LC2XCW1
173,1994-10-17,1992-01-30,12688753,302166074,57452630,756425209,877531910,484086051,6,5,L0QSE4J,8RJQFKD5057ZWNXQ5NFWHZ6FKVVJD7TZQP9AKZ25NZ1C0NPCNXAJ1OXWO58WTFV2S8UC2XTQWQUGSN5AQFGP2N96J08C1OXLJK80I71WLMVETFVPV0QS9TRSS0N5RPA9U19CUXP7M74KMN4Z59GS24FX32W3W50C415LW2C8V3KD24O9SUB5EUQQS2LC4K8VJQGISXP3
174,1999-04-24,2012-11-18,240402702,656884003,68978234,977822298,787811526,25757649,6,5,4C8DLU6,U9U5KWC16OATHASQSIEBZDPUKB3U6RZLNJXHM4VKZU90S4VBSE0827NQQG1KXKHX64S8IRFXL7XBBUADQXBJO2EVLB1Q8H9EEHKBMWEU5M4HA24IBYFXSCCK7ET3O4I8S99HU674WMXGSUDEGF3ZE11TRBMWSJ01HMJXT8IUBHGSMF0TTSRH63621MIBP96MUSAXQCCF
175,2008-09-03,1994-01-21,197820192,889813872,10265142,950935902,554747251,748682633,6,8,3L0BNYJ,G0ZQ6BGZQ8TQUZQ1HAXRZ90TBNWVAW7OHTH0LI84NKN9HFIV8TEKPS17TR4C07GBPQCCXKT64W7D11J4YICMPS2LGS306E3B9WM88MQX7H7LE0C8L56661308GP9R46RHFP2L0D9LKG998DAY2BJRJIL2SUV0PZ4GOI543RUS8790UESRAQVSPHDVX1NSOJNX0QK5UL4
176,1995-10-03,1996-05-31,906069076,657550530,14331494,994141462,778756539,75494848,7,5,VNYXNQQ,ON07D5VB8LBS3ZCR28330U9O011M9OYM6KD6LU6S3KS7JA3BX5PZACGEBVYPMZP1KJG3O128IT0205OBCQ15Z3K4OX04C5OM7E25WJNIVKSWMSMEOV07IGE97B7KUIMMXPUC6PHCYB84U4ATC0FK1Y7QGQ5V9F2YL6TQMKO6SIUE0NGHKRKG0HUG8NCP1WLRT6NBXZEM
177,2001-08-23,2006-03-15,929555123,113854554,42767196,484888021,25568824,496762344,1,9,B429CCW,1NP84N5DJJ0EDUQV7N6U6MBQ01M4CIN0BZ3SVI9EJ3GZLZZ5MIBHKF0QFWVDCW5GK2LBXM7187RNHSLFMRY3KR8Z3YZG51E13SYSA6N86HIMC4XH5Q2LIRREHJPY186XRKCRENID096MGD1HAW72WA0JQTLCKSU0BG98A2EEXZZAL3QKPCXVMGE0ICUC7O2CZ2MU0GI8
178,2014-11-24,2010-11-16,346476582,842380122,81528397,670308861,21139293,597853132,2,8,UGNEW84,Q0VEA8UUM0O2LY817M6NMVD2UZIXT6OZV3YNA95AHATVAU3J8DURHWCH8I8SUHSLP38US4S77W2ES5KC0JAL18A1MYXJCY2RQTFUWGCDYFMM71QCUSQCCVLASD408IG1GR2XTIJDPF4MVUY1GCF66HJ87QOK2Q35GQ109GH4V84WZQIANR57JJNJ2W6UMOQ81ZIQ5R40
179,2004-09-12,2000-08-13,924909892,869565768,21746999,381448508,450046109,186146368,4,5,BL5ICQ4,UATB833M6IKG8HSSCQR9X6QUNKENACG0TFRV05AMG8DE0ZWFWO83Q1IIY5O9SVIZXHONRC39C9NAA9TESYU3XTQRKI6ZCSHQ2FH74RRBUAJ1MKWADU0MBZYSTJCSHNNYSD3COS4SULBYP4MWFNM81AYTR7XG62WDL1N1BDTH887VE13P9ZXJ4JHT2RHG3OUAC2485F4I
180,1999-05-11,2003-02-01,248655746,298029001,38083586,442918694,663228011,258764403,6,1,Q0T7D9O,DJS1GPWP3045XDWZ3NM3625V69WL5DLW44WS5KGR30F4H07Y4UO7GEQ8K3TTQ6M1IKNS287MBWA5FJXI3NFMO3BDTPS5TKSIRX0QC49DUDZNTGCW4EB3LY4G4C0Z55AYWGABV4LDLT6OGMCAWVC5GAUKIRITDW1EOIV2XBK2B4IH19M83LHXU83QJAC91BGLMNA47FAQ
181,2000-11-17,1993-02-12,145496208,216463471,15590096,814872031,521338528,845236000,1,3,YO0244S,5RGE3066DR2D5UX1MT4XIZ9LQRMRN5LRK43KPT27ZN9D3UPK6FJ23LT1CHYD8J9QB2NTYL8V9AP60L0YE3GR6YH7WHY7GQSK62SP2V0T7NF455LEDRC6OSXC5LOQM2DJKFUEJHM9GK39JJ6MWZ7CAYP0UM1NXYHKDHRSQR980CI57926T4Q57ZHM817JHWEBA1TB8SHR
182,2003-08-22,2012-02-17,264713117,329016623,6876308,179926790,429979547,942731864,1,1,9XT46SL,9TRH78WJLO2V3YD75H7GZIAQBPF19SU0TUJW5VAY0JZXF9J0LGSNDSS3031AODW9TN5R68L0H0SI7RS7C2GNEU52E3M9UFXIUN6N7TB1T4CGWZTZBSWKNR4DRL997MGC0BTXFK1IJU66JIP9TU7I9FMABQ4WO167NP8N8PGNFMWFNC0KLHXKWRZIV5DX5RCFJ9YQA1EX
183,2012-11-17,2014-07-06,369645174,402113719,65649627,565365894,734049712,990246398,7,5,X4MBXXV,2ZTNZXMAXST8QEQDO7RUDH80JACKUJLQ9JLHBDP6JZKV29Y081INLW57BS8LYD02H99TSYW0J4651BJRJCT2VCM3YXF2UY6OYTI57B7NEKIBEC1IJKUDK5L6T65EZHD4QAMYREUSI5NR81CPHOC3YUAQTLWZRQUXC2NDGP7PL9I9RMVK90HJBX9B34HNXK3I2YS2NSDA
184,2006-11-26,1990-05-08,724747220,544770441,41325490,534222280,438319185,861476430,8,6,82ZBNK1,TSN0YOGNM1HWL44NJ7IMBKAIHA1YGYWSP98S5M9O6DF5F386U0DCNMCOWDKJY4C25IMLDZR7DS9866078G3PFJP1PMJVUD6ZE67KO3QX7E6QFOIRCO7NQ52B9IDYYMLYJGXA19VWDIMWUME3N580E5FEQZRINHQE0YCO5L4O0EKPMNS18NHW30SGDAXUGUH6AFUSE341
185,2001-09-29,2008-07-18,249767151,321618615,50506588,261606007,768492872,905191587,0,8,9JL9EW4,NIKAEX0I3LO8Z53CU2QH2VGEVKQEYOTIPG4G2NH42NLD1VC49WPMWIE4HFC0QIGAN33O9DBB6A2DVN1C543GS9OEU8NW0FSPXCXITCBQ8GRHRIA1BNGF4DS1BGD98OENLV4NUKAIT7VTTL5KKF3VD8K0O9MNUIJ9SJG617E33AC64NWBORLACEBHTE91T9WRNYIQE698
186,2008-08-11,2008-01-24,806129134,85629891,18797875,702673065,613457293,690028881,4,4,Q7A7MGX,J7JO6M95Z1S5UBWRIE3L17IBNZ83RCCEEOFT68JY9BVABFVWBT7GJ4OR04KBBY8YKTI2ON3NH2LOE3E2X81E6LFHHI66MXKPYFARWB5ESBDGA0I7IUX5M98MSEGRTI02JAYNL79OROLXX8QEG7DJMRCHBDWR8BJZGKL24VOE1NCXVPG8SO26PE5CO59JIXAK7ZDEG2BI
187,1995-02-21,2017-12-02,283118522,915795564,66558379,455967910,197195457,141596713,5,5,828L5C3,O5Y76AKOJ19Y75YCENVI8LLP8SAEU0OCDTW4R636YHWXCLJWV1LCWD0550Y9E5WYUZIRUC42RLGX2GT3G53ULZR3WJSM3R7D5G0G4ZKJ0CX5ITMZIJHZXTFRUHS919491ZZPSM9T0MIRADSXX4GGYPMUO189DSZOYX7QVODIGX7ZOAANQ5KP95F1DZGY60N4S0NSDWX0
188,1996-11-16,2001-12-26,487630148,439561720,73942590,645473414,549008770,777062346,4,1,7VYNMUO,ISHN6V8H2K7J20K8XBDPIUCBCF7Y83ERH9KCT199FB6I4R6IFWASNP0WRVZCM6SP0JZR3AAPN8K3RWPTC9YZBS96Z8P3A7D8ZYIVHGACZEDV07SDUHTEXGG2Y9E44VRWPIH6H8L189OJXDSJVF7AZ3OTHGFX6OUQODEYXHZ4N6S5XCEOWMZ06F4P8J71HGC7NG4WN11X
189,2005-08-31,2002-03-23,661055997,420215447,77064992,72489393,950684796,18522020,7,4,ZNLQKA2,EFUWSQ3YSRBZLM99P6RN2BVPXEP428EG21VOS4H2FWADR3ZDFBKOKO1M9NVG3TJHXUT5VFEE3IWN2CM7N92SHH2KTLMCHOGSIWUSQRTZ5JSZVU0YMGDO7REBG017PKX0GEMA3BGQAC21Z54LJSZX10PEZSU8D7JP689PRH1VLVZH14SZT2LHG8A8QN26BUTR7CCQUXQ1
190,2004-02-11,2003-12-04,906743456,132786224,70882255,625372437,491388202,792689557,3,6,SVF2R2N,42SWP44H1X878N7GA4B5PKQW3URAG8BHVW966NDMVHP2KMLPPDIBXTQ7P6EDMMHF4UTP72IRW6UE59E1VD3EPQP1W6C7LJESVL8IMZT3BERMKGC9AJ0SELTXLU0R8CZYUOPAS9HMNRMZ9QNOO10LK3ND51TMJCBPGB20TQZYPTQHO1A80IC1L2FIZ6FGV6C9BYFJ3VF5
191,2020-12-16,2008-08-27,675081021,631098581,9785848,419059951,372361452,499199780,5,6,EBKET21,1DDD1LQFRWISQPGQ152U8MP6KEDH53JOUS5BNT5U36NWJCGGXUH407J6ESI4AG8J0CBIIO8DF30KD75SXJ5PHM90G3XCMJPOZFCRYRSS53EPDAQZ79SDFLJTSFV9Z85HO1WYOJ5BIFBXLKJGUIE6ULBSMDTSY7E7VSK953V6UDK9S35VYYXNVDQZR8MTZNUC7DOL6HSZ
192,2011-12-26,2011-09-22,206608403,536315001,55592243,203440601,489728106,886082204,0,5,4ED7LAS,B97EH3BFN3CPBEVOKHH8SQJ9YTE2JX2HW6TIQIGJ8MWJEE01LA1867GHUO4KJ0TXWLOISEXHYT8C0CKB2R3AACOTE1RDNHCJ85A4E1YHKVT925LZTJDP88AVAZ4KIPGICLNR9A196A9HME5TY429IW5UOEV137YP7SHRF5MM3S5W67I7IZR4WRLKDGH7S9F8WF93NDJ5
193,2010-07-09,1998-12-21,764847556,814989325,22821161,533700118,344592502,305180248,0,9,D3IH98Y,2OAEG1CGC4X7KAHUJC86KJCQWBLJGQ9OL4O9OLHJZGHRMTM4QBDK8XXJVFKXA9FDBNSQA4YB1YQDNNC7X7STXB972QKT2XMHK7IWOUF5X2JVHZVEST5B4PRHI5P3S53ZZCOUX1TRQVP444TGX5H2APF4BHOZI23EF7OSN9LLUUQA9VG9XDB5DGOG9496VPYQ0JF77AQH
194,2004-12-02,2014-04-28,746723849,496240062,61514891,546249156,802983283,756151217,1,9,F5O2DW5,4A84RRDKOWH3MGU43MF02B036DGGY258M74IHKCV3193FB2LEUR3STDPX78YIQSZL2ACKCCBR0Y85XX98W537055G4EV98HEK33SF237G0378WIRN1XUFHJG6HBH1ZAIP2Y1SMSRW2ZYUNLYED8OUKJBO59BFTDIDR7BDO5KB8ULFVK27OOSMT4L264SKSX9EK0DW0LC
195,2015-01-30,2013-08-29,51395661,166589154,12137012,482286854,473251795,976965459,0,4,QOQQTVD,MSZ4JSUX2TQULLN225UT5VNPW1VPEB4ZV92L8321IKCK42HR6TCW2QVJIMY19H69MJN8NGSRZGB3LYO0PBYTIZWU867LB9UTXHD2RY1KFLKWK4GOM49ULE0A60VIWUJFLQFXJAZNMZE4GC31V6AJWRA9UI198GAY2SL45NQKNI4INO2R2YJUOMSDUFXWKXK1XCEYB327
196,1993-03-13,1997-08-06,538041739,686661437,99005190,527382656,335658585,323643584,1,8,LBTJNFB,MRYCSRDPZQ9GSH7GCQTI1H57G48C2781YFK872MIXWK9YUV5WXSAZTVK6SKDENKPILATREDJI4LRTZHB67BPMYXC7ZQOMO75WN5XNEVX454NHYETV2ZKRHCLXTGPUU2O14K08KY23K04DQ62LD77YAW54SXNZIUHAPTCL2GWDNJKHMYJ4U0HFWLSQ2CV9YL0EP9LSSK5
197,2012-12-21,2008-02-25,697196221,290813294,86159696,571778562,644613560,908730672,3,2,YMAB9WL,N5GVTEYVMOPMIJHD7U0B8LSAE0N3HNWPUOQXVTKX0G8MAKLXDO68IREYSXJNHUH9KBPRZZV8FZRSKKWX2AFZ6DYJ21CRBLYEVZMZHGEJDZ1FGY5OHGNHS0CJ39CRG4IGB2FNO8YRIL7PVWF86VS54685THMF97GV720UKVWS0DAFM66UYBRGEVBY88EI0GKBI5VN6AWN
198,1994-04-05,1998-01-25,375841618,14894403,42719537,66056436,933726779,456577146,1,5,SITLHXO,3PD6UKRGP8MGQKC5POVJY629A9JJS13IGY95SOJTTKZPPKDWFSG2DE1L9BUQ1NVCBTARQZ3CDWGS3FBJYHDFMYDGM21X2D4YF56BJ7S0OLGXAUJ2MBDWFTH1P9FW0OKUNDDHEXIGIZPRGP9PQMFY76QEUKIBF8X22AXP1RL94U3WOCBNOEUB89U8RROW6D02C9AQCXET
199,1993-10-26,1997-03-10,693225723,5485479,84803724,635209578,414930186,495896929,8,1,LMA06FS,76SFGFL1852W2OHEJYSPP3QAK4CYWWSVEPVGOV3XCMNJY7RLX1ENW5I6KN0ZCB1Y27MTQPCKKZ8EAGA9Q4U2N4VZ23HGX6J0FXBQFKY41YPWZ0D58BDV6XBCJHH2GXW6RLLTZK51D97RYS8ZWMI5TSN0PD6BPNNQO3W7VV9B9P2JJVI83DJ55XFND6F58NWDCRV5G90Z
200,2007-07-07,2008-05-06,597707548,361436745,41356347,588332294,390034376,821365773,6,9,WEFXOLM,5OMLMPMEU6Z83NSZRIILYXSNF5PZFWSKP17W23QOFZ8AIB1Q4QFBWRTPYDYBV1DPO2XAFG3NFNBKZHM7X11KJ0ZIOAIHXKIN5F0CQ59V2H35VR090ICBF4XPOJPTXMG08W9C1GF0WWCJY8CUSYHY12DEYW8T9XMDKV51UYB2C4XDB0PG197QSY5UJQ6FVDT62NPSGNNO
201,1993-02-06,2007-10-27,237768524,626508372,73715108,394254609,708456294,539444664,2,4,0IE0HV0,ERHQMXMSN49SKPERLZOGWJ7XWIBQL2SSZ0X7K8BVDBORIA82A03H628MN508OZRDG39HCT4MO7B0O2C7OQE0CJUMEVK3TIQ41AMY7R3PVAC46Z6EU0R4NBVQDD9CCQ2M0JLHPSFVICEZS34EHK2P9P74VD0UAJQG26S6AIYD1907Y6M1KORZBRBNXHUGLYRCT6BOT6NG
202,2012-01-14,2011-04-17,738011307,404568647,9016641,305033465,647268041,673780483,4,1,0L3HDUI,MHUHHIQOVHS3OIJH8UATULXOQH4HJBC1DTIX3IV1SCXSZNI42JQPZ6LVW975BH54RS0C2VKMEJXILCTG9K6V7FUE5JNWKOVOGJJJVV7YMQAVV73RB1ZW08654Q2OPNXGUPILM53G9ESZ08CVJ7NB4K9DST5CKADE2KIZ3STGCREF986VT969ALYWHVSLSFYWIQQMFDPB
203,2002-03-05,1995-08-26,413626257,582086720,61326986,484906180,725625594,270024789,5,4,9JE1HK4,KOF1PPXAH7WZ1XZ69OTFHIBMRVMB2T7T7KEQYZ81HUW5AGKRFRC6C9NU89Q9UQTGYI90JRMPLGWM3DGKU56Y1URUZ7B5CK0YSWJIJWT9L1589CU9F04A28S3PORH6HHD9HTEQY2266XFPL23X4HN4ULQ2QMSGFUQP2KO6TC2RSMTN8JK4DQPA4ZG7HQBZUAI762AAZZL
204,2006-04-24,1990-02-06,165131559,665413094,77661165,387198610,761150469,918643658,7,8,OETWPER,PBG0VIPTQKRK67NCBUSPEYNNEDCPSXXWH3PS60ARU697WV5E7NKNPP3EICNIQ4JJE5FVQWQDSNBCJRV7QOTWJO92GYLYZ9MR5TMKWDRCSWINCYW6G4PK781INLL6NMM85Q1313OQ3HXXOX8I8CV88CH2R28Z8NC4SLBP9336HIHIIN0W0NDX1PL2M1FXD6PBV6T84NQQ
205,1995-09-09,1999-03-06,194463272,825159109,91527640,679574641,480512677,223487604,9,3,11B0TB2,HEPEVTZZ3SVE4J0TMFPQ7PVFTGLKYYPIFDSP6N924KLRCHGCV9KQP19TKR7TN41L3A44QRCJJFBVEJMR37V82N8H5OH4X8TJFTDQ1BJFTRBUD2S58FCN5DFV1MAGBW3BLCUNOGMZOS1UHS4BQN1UTD8NUWEV6QALU48R7XHF2JCNK8I12516J3ET9FYYX34NF4J3ULJU
206,2014-01-19,2004-02-15,209964461,187206365,94708867,808798320,444697219,404995927,7,7,815M6DT,R1LT3KC468WXZLMEVN55SB9DGFKDK671VYPDSXWPODITRHVGCRH6JUJIOUJDYOF4VOWUOWMQMK388V8D0MKESEYN77KRBYOPMRGC7JNJJ4BHDZC21CNA6M4XZSA2U8XYYO6AND01N88G1MGZWC5KNPLL8Z7SWOJ7LGMXHP2LWIAXW7LO704E3M9HBU122KIZO7D12N0C
207,2016-12-26,2019-12-09,694265444,476693753,12192905,229464148,154970345,451112043,0,8,XUHGHRM,PHQFLMESDPSCIYS1OTY0TSBLOT3Q36FFR3ZHD6DCM15PW072KT4JOI4YF5LBBZ2IF1WM6R8I4PMADOZ0XWF8WATUIHQBC9EC1AM2IMGS9JEHT1RCPJLB3MXF7XXORSGAYBSSSU32FU8YQFELTFQ2IYTAPX7P3LNBOY0HQ0G7JG8NMZ38D7WGWNJ99IX21142JCT6MTNV
208,1997-03-27,2007-01-19,866663854,979529225,84726875,78622098,11148002,933189523,7,9,CZQV1IT,57G85EKT5JG65GB2F7Q5PJAGQF1BA7CNVOSPJW8JBD5NIIN6WGDHXY71ZTL8YNWVKJQXUHC7AI5A4LSAJ98GJWWZ63R3QW3VV5YUYCITBI8X27NCK4IEE5XBV7S9SP803AWAA7KL9UHUMSKSLHPWTEQA4Y9P2YSK66JAC0QN7OY4LH8AVR31IY2W9LDOGN50K1YDWAZM
209,2002-06-19,1996-02-05,186674795,870042201,10585556,310845824,545829332,677121053,4,7,YIFC2AP,KMCCZG8C6WRTUASVE25C7WY3AZ2WED3B55IPHPOW5R0HZODR6V65MHZB78L518QLNODVV0ECM9DFVSKJ6YUZP29MWISV2KSZWLFJJA6AUG83EIJWHLPPHXET9RKTDTK7NTMEN8K4R58BUBGWZCTSW5OG8748PO31U1HIA8IMEHCV37CQKIF6BBVFASR5EATA3FUXT3DH
210,2002-08-30,2015-12-22,896338082,884207583,79962765,54532316,216924537,827306439,4,2,ZEDZCVN,6BFI8UTTAPYAE0Y5GO1KLZKL6Z7A4NGSED6DJML6SVCLK3S4AIIX2NSK8BXSB1IOP6HOQL5JIVR7DBSJ1QBF4ACMRVWRC1YIWKUHVCSP27EIFN2AC1GVAS5UED7RH9LPA8QACJQE5XZ7PPUOXIV725KTWU4748WS6FPMDGUCWV5ZA2WIKRPTNVVC9UXOUZGQIQWFBJ1H
211,2006-12-02,2015-03-24,242977892,627020139,51602840,987411705,624396678,374827128,7,7,10JR04D,K0INQQAS4V063CH5UGO6OO7FAZT6CJRO46ROMXXT9B2ODI2NSDE338O6PM91PAHL8QW5L6M2Y7F7HNA5NOK1D2TD8NWW1V135URDL14TWF43BTEPCROKYKDOLCFGMY62CCL02N7M6LW7TXBB4UNYQS4SRGKFBJCM0KQQEXIHTA9JALCL4HD9H1V4SKPSIUGF0UJJTXBJ
212,2003-05-05,2016-02-10,869774041,341685643,57124136,820608830,195527070,924708814,5,6,VMN7HU4,SQ8GK4SDK7NZW3ZMUF2CWW01QRXJY4IKAR84QCTV4MKCHKU1BZCJ4TYPE8KDOMARWGDVYK4NM2Y1EH32D1TIJNMMKQBGCT9E0HJDAQGO0WWNME23OO42YPPJEC028523P0STR1T290SHLN06I4PUS69A6LP2PG819WH11YFFTE0AWYJWL7KUYJT9ZUZ47DJX56FBJVPY
213,2013-09-06,1993-10-27,732304397,860046204,29992169,909751633,3232287,528576301,8,1,RBN1I18,3304AAWGVROAVLNZBEIZKE68667WC5JMCOKRLFBO5V2HR1RBSVCEIB76UC24NRYKKNWXPDV2WZN8YTH69Y2GDJFAZFKYOIRKDXB32UY7H5H7C6AXYL10IPVQD6CB5TC2933GPNAO4PKH70JV6IVM7MG2XG2G55W8YVCT023WGGDHA1EMEQOBTYROGG6APFMB6G8PRMHS
214,1995-07-29,2011-11-06,815623421,734524883,41602222,165711769,793763024,301900212,7,7,K7R2L56,8WQUFJMURB16SI96JETYGYI6OPEASR7RCCV6CV3E792B2ZQXSPN4N3M63919CW6HD90EE9MD9GXVM9DTX04FW90EPLWI9TBKNH5XWKEWSQTK88FHN68XDBGAEWU0FOMIOTGY2J5MEB6VWFJ6OO1WY8351TS6390UY75C731XOMEEINW9GZZ04HCQ66B8VTZH0HACUUID
215,2005-03-28,2016-04-06,314698814,587643533,48805268,815880851,829152653,282767024,5,2,U62NH6N,CRPPLCQS85LR8IMM02Q481WF9AZCSD1P3XIV3WHNSDHCDN245E28YOMKACFADH6VRJIMVZLUMWXNIKQEJ7SCZM84U9LBVAM1KKLSEKGH3KI4OXCD0WFNLY5V70VNYVRAMOWGDWVVA1KONMYMCV0JN7Q7UUPS7HW3BO5PD46CHQ61963ILY02H50E3CLXLTIU7CDAUOLP
216,1999-04-04,1996-07-25,903857573,899520304,4145706,477889429,950685777,141708333,8,5,HSVS9MT,PM1VBI3MQ5T2EQ0RM20RJF4CR5E79HVE84OBS835MIZGBIIIK7HU53N8TX87MJWSR0CF2YV2E7JJO4GZ1IFM58X7L8CMRS0MWAADPI6ZKCN6O0GMFW9BH9M591KRTLEADXD82CR91LXOMGWJEEVPL79P293IE40FYCS6GF0VCU2G7HSZZEG77O9ZVH84D71Q5BS7S36P
217,1995-10-21,2002-10-29,966133453,764110764,78093434,903071245,431673437,925327044,9,1,9GCZLSE,M3ALSTVK9LA6L2V4HAHXE7LGQN3J9IZMQ8K7N9HEJKVF2BT8I2QVJKP7TG4OW8AL1BH3O73JVHY8U9IYYSSIYQZIX092TV9DH3YU88HSC6UW6ZDY9IX3HJ8SYXCBPV6C68I8QKA2OAXJKEK61JDWVELNPDXL4WE5AMDO1OEBFV0NT4N22H7BEGZF36WFJSP7QKY28OXN
218,2002-05-02,2013-11-03,737352908,940849507,61570912,618261505,188838100,194490566,9,3,G6SGSJG,B2YBUW9AA1PTWNIOZOIAVJ0LCP3HRXF1NCZGMR7LFKOQRUY3PS6V8QZ93I85QJ8NUYBYY7MHU3LMM1V99NHLOIGGY2I8R2SEJRRZSRYN5QHNE66CTNQ3B4X164FE8RG42PSR148JANJCRXVD0RB0BO1660Y9YRMIY056REX94ZQPNRLUI9Z4LSD2DSSTOU3AZXZ2TSMS
219,2013-10-15,1993-02-24,979744972,82949340,89645953,829188082,41247952,501546870,8,8,KH5WOAH,BTEHHMI5AZGPA6VMA5EK3CVQV96V0ZG2OEYO2KGV458C25D41KOHX5PRQC8AGPV92HENK9F9UDBM29XSLVPVR5VA997D33EGS86KH3E6BVMS6FU2L0FVRM1Q039B2PSP8TMMB8OWS66NQVZ3642CJJWE6LAH11N81U6U4CCJLTG24CKNLZ6XJ4FU2WIC1KRCJVWDFR0H
220,2013-09-08,2002-02-28,109531732,408238462,1824490,102419414,922991543,946040905,1,8,36L0SSO,LXEHYYX6XLNUDBONK4JQEXUAVSFK278DY37LZ0C731RC4RDPXEI1GSMP49HUVSU641UYLWMX34ZJYMN7F728865PGLF58R2T2EEQF0R7LQXPMTTUICMHLLD0GS2NOI2D2TJHF44U2Y5FJ8L8LSLOSE2QCV60K0JEK21TJ9GJI8N5UT1PE1YWOW76VZ0HYCR0PB2UG6X6
221,2020-01-24,1995-02-03,810952872,982330490,80750839,877048462,453489513,614293557,9,2,6V00R18,R14RPNMY2EUTA2SHR0EXT023HHU62P6UOOHB3YP4A97ENF4EII98ESKYOUFZ09U8RDZ81KSJSZY0JGL6UO8QENBK7206B1TG7JQ7QO7REZQOBJCE39IZV8QDHB5NYUCIOQF5VV4D20EQIRCL35OCD1270BG7K6TUBU6P0UGOIHCEKDTDSC6VQECS7GQHRBHIZTDCABUI
222,2001-12-11,1990-05-25,379071665,977612679,42745357,77653175,336397905,45720286,0,5,X0ARHUC,XCPHSE0OSYLAXJZ42SO7Q6LEUWFXJQGK25BVEA0JZA830PIC794LHU12LLKRJIPIKXDEOMF159CVHIG7ZIVZWZJF9SPCN5SM7JRW5TPTQYQXLSMV3M66QOV6I1XS4HMWV7HJPU2CL7B2LFF8M1GRI205ECENZTFLH2743AKO7OC5D0TYPFKZ4O77UYNCZM0KWSTH5ZRN
223,1993-09-14,2019-07-23,478572631,92049123,8321873,120866814,645826651,630981255,9,7,7QDXACV,G4LQZ67GFJXDRUF3PGBM6KVIHS5HO305IKH6A0I165Q1YMNK8DCBLM2Z0SZC4J9CK8115VFA6W7L6FAMZH9XT2HZ38RAPH8G40BZD51PNLJDPJMY4ZO1S476SW5J0LFMQ4FZ14VZ8928Z3W7AFUQ4HYURHCZ9NGXEKXSKQ07EID01EY6KQ4K3JKLT0A4NYSZKYLPY0Z6
224,1993-12-01,1994-11-24,506073356,265810037,6830860,943233355,154108197,621498149,9,7,TXQG0ID,4KCOFBG5XNO0G5027DVFATPUG7I5DPLF2F2F83U82J01R16Q1OAKQKAPB5XBHXIA4NQNJW2OY20Q4UV9U19FDIO06S9QAB4NDN6Y9DZ7GU9QLSCT6LAPY7S65TE56BVPE4L7Z67M7ALTYZRKXGUCBHN8UUQ5Z0OWBHQTUZHJ739TCXVGDJD7UHPKE62GH2LYDX6DP10W
225,1993-02-27,2014-08-29,818010810,432756223,73693896,692796398,463024133,123447256,3,8,9DXPS20,V0LJOTQTJ7DKHRXHSSWEVBBCHPFITAB9JW5QH9MLRHPT6E2SIPQ322I0HU4YAPY2A5IU5P15HN52UC1EGW88OH6IQV7DIXD5SL2SYPKDZGH4WDLT2YNCIPAPR6AKKVXPYTTNAUDM0XEZNWCMM2JRJL1TUS6LEXH0V12T82GN9BKBBD7EC7BS88CBPHAG3UPWU8UXFS95
226,2011-01-29,2018-03-25,931947038,136967736,70454489,448368988,312942147,564376367,8,6,4M19QZY,79SUN0O1QGGGG3LJHFXVB1OPY077LJPVXBWCEESCTGEQRFVKT46DR1O91JPGJ8SRZ6DEWHNESV36Z8RI5YQREXXJQMV594MAXX1XLS7UL7XWDJ9I7KD0ZJ7BQERZ7B3JNHE19D847TYHY15VHEY4E9XS130O8LT5CZ9KYS03ANF2TLOLV49Z1O486NMDX2BW08HLJW93
227,2006-05-31,1990-12-04,921352540,435501985,83742481,38419875,79478198,441151229,6,8,TQS61AI,J79PO4V4S15SPEMIXVEQOY3AYW3KPTGJ0LIX7V9T8FAG242GTNE9BPA9UMQA3USMMMCCI61RP709O4IPA1286L85KDMJ5UBYUY4SOV0BMRFMPK236IV8ITW8S2XJ7A0FW6MXNQO2FZSH7OHJIRTQFVC32F91633RM8LVTJ5ROYGV9EC8CKLLKZZM2AEBWRTA7HBDY3OK
228,2016-09-11,2005-02-08,769538481,476282829,63906384,46487184,423233919,460309824,9,1,QNHKE40,ATCQ85AE9PD2DCQ2XRD01FC3R20FPSNMC34I9UVI5RLL39Y8JANPF3I329TNOOXWM42VN95G4M7Z0OWZH0C7QCLKYV03QV7MSS84GNUJ19DAZCCZFJY89TILUKJ5ZQSD181VT9A3429I22EKF5NZRPX04NNEYAPJTL74UBI2433THOQYFAJV0MGILQVESWTW0MP49BER
229,2019-06-27,1991-06-21,442547843,566379835,54412637,892454658,581834680,957700961,4,3,K3HOEIZ,W7VVCZQLX66C8TDNW23T79VCKLGL4SQ88FJ6LEO2SDSY9VX75H88BLL2HRRD7ZNAA4W6ETZ6HJQMED51YGHJNQL90HI72HQJJQ2PWDYGGNCD4Q3IARJHSGHDBUWXHOQ45ELNS1HKL5F83ZDDKAN5UVFH87LK28KLOFLCO5VEJTP9IDMN5SRERIYK15E3SZDU39RENSY4
230,2020-03-24,2003-04-01,501811756,105301820,20830757,530699907,718555993,522658985,6,5,H1JWJOI,PJHF1577CAENE8OOEWQQMUUB9Q946YBSRMIL4N1RX40067EDY9YT477ZJLRRGYMD24KA35IJF45GF2S68EYC1YNVP3FFX70N8VJWMMV7F905CEB6ZIFX329BU98RPXZHD5SX6PRN70DNUWR8VK9HATQ0OJXUDW668OXV076PTX60VZYZ1E64X4YBAG4OH0H3FYYU0512
231,2000-04-11,2014-10-19,566850398,574025017,74827279,62871898,43627225,76051600,7,3,QBI2TTR,KHR81IAISM94VDFM292CBAHY29H787ESWT6I918193URHMZ1XKKR1R1S9DJDE4HEPIQ4UOK8YX4GIDZNITIZ2HBBIPTH0KDFOSHOIK8OI6PV4QGE1S1FGKTEC5NWOGDE0ZD4DFXS8PZ0MXQE0UQNWQA9JZYQWEI2OV8KERVZEST6UT3J3ALBXK5HPHDHA0GM5UWBKZSX
232,2011-06-19,2007-10-14,336078390,347092513,11273266,157830435,732175812,960304064,7,4,B2Q8RYE,62KXF7UAR6GTABGIOGYFT0815NBP4GJGNBR8Y13KUFX8L1UNZUHDYG03TS20ZBZC6B9D4G3FWOGBI08F1B87L355F4ZX5OITCHGGEI7C48NAUEW3CF2J7N39THI6MCGWL5EV4KSRVOAF9PY511OHWRBEVND1PUGCGWBHP7XQ30POMHLMZXAJIOHH19WTGL93B41M49LC
233,1995-03-14,2001-03-22,931724869,773633210,18664463,329179332,468423018,285222020,0,2,VHISKBA,FW0I3CCVM5MAWJ6EQNSQYNLI88BN3I8RN1E665ESQ66SOMOPXEA9YHSIICAORORYGRRR01DEIPUH8B1Q698HIFDZ7ZNN0V3TFKUZXPVAPHTLB6YZNV2NJNVCLMQG3LNOTJUNLVYOI0T08X6F01AZJNP73S53LQ229EC4BATHCSXB9SS4XLJT638P80EU24NBW7Q49RSS
234,2001-02-21,2007-10-13,107273075,600148453,71852659,455369810,997259573,771607531,3,4,5WZNE6U,62T045LF9QK8SLVNDBL5RAUEJGGWXBE71E2FHZZ9ZJ4KLJTWT9KVHB3EFH66UOOBI53KBRNWFUO78SSOMAHPS5TU5K8SVDA336QNMCGJ5Q3Z0KH0D22MN3GNYLZ5N9S0B16GC4I9VTO4Z16J3QDVUOPS71AXRO66BCMQEJJ61VJK9YKKFPJLQRGL8S3MBLVYAY7JAHHS
235,1994-08-04,1992-04-18,961432339,374810353,16032291,338988814,975351936,67196113,4,4,NK3IRES,4CO8EGC6PQXZ1S6VHGNCLUH3CR8I9QG1Z36APYMMB1OOA9XOXGJKP5OW95XL2C4FPQ50NQLF544Y3MHBICDG1F1D5O9DED05IZNPB5BX0BFMOA75UQJ6I09L4KZYI55FRDHVW5MAFW84V82ENLQYIR5JWLO4YILXVRI4QF1EZ27KBVPH6WF4SX3S383V7AYX93PWPR8T
236,2001-11-14,2013-11-08,593744668,867741722,38236381,688535233,815660282,444717213,5,8,Z544PDA,FBJDIBI6CBPVYMCE1QVADPUIJ0LLC5KFWW2B25L3YH9MDA4PO0VFZPJT4CPJSGO1PE6GOT6NCBONYKKQ54VFS85BD7D7CTHICG303CA4WIFU0XDG2EUKW5RI06LSAPLG0LL2X8JWZ8DEJUDD6ZM4LG214K72MKOVZLZGVHPQHETJ0H55VBZ5EQCAQ5YREN1A20LHVUDD
237,2002-09-27,2018-12-27,824355479,727500037,17033978,195331797,54880124,874175316,3,9,JQ2NLDW,LARM24Q0IVGCBGO4Z8SACCKAJSJEPWIMDF5OJ0TGJMNF1RIETN0Y5CQY07X0JA79XSSUS82S1B2SSLN1OW7ZBGKACN2EX4WNN22N1XQYOHZCBQCOHTGX6C8GX48TFZRWLP5FK59JIT19R2HCFAW3MME33LLROC5SI3Q9FZ6ODCC7QTLEP2JALPC6IQ62UKG02EPC3RUU
238,1996-01-22,1994-10-04,762687034,826127798,53713201,386650340,44926867,559309026,3,8,M6GDDCY,Q0ITPSN82N08A1SXKQ2VOO36CRSVVE5J4H80NDB1NTES32B80WG4AY8AHDZIJHMILPJXEU6HMVPXXS07UJW9100K8E125NS13YXGW0837GM2E6QJBTVFZ1XE1CO2K0T75V7QGIBBT28DNBGN24SOBOYR3ZVH2GH3D36FG395H2LXPQJ9MYLPK6G9PONXZFC2I9JR0OLQ
239,2002-06-24,2019-07-06,870197354,944743899,16600399,192569630,811658852,173528961,6,9,3VMK7JO,X4POV78FQ57X9SKSAH5B1SXYQP6CKNH2O3M6KRX34731166D9C7R95J5XEP4B2W6ZZP39HECR5CY5ZEKSZZ8E0ILGF3XLANJL9Q45LWCP5LTIQ38C6NKDJDW2ZMDSGDLKA0TUUTZEIRO9O0FW0J4SJH2VPZ1DKR5RY71DIRS36J64JQPGTB2PUYBI6AUKDGUCMQ6TUBN
240,1993-04-13,2011-10-09,708552001,919932665,12070299,853724840,999025647,210069270,1,1,5RX9212,289OO9OEB1IO1S2Z0J6I62NR0RRTE8MJT8KTE59ROPVUQ9FWDQTIRFWLJINQVQX7ZZITKD2QMOQFQ5Y3WEESA5CGKC8CF6OQ11TSAC7YAYD8YZB33A1BTVY65M8G9WKGQ33ZK0SU6BV6B7N7UT2O7I5DLMYIZE3GBIX8NP9TLOB07ODBQ6I5IC3NUUM3V7EP6VH5JWVW
241,2013-03-16,2017-11-08,682570067,494531404,26343409,31469126,370220357,972541537,9,9,B5JU4JM,HGL6T4LWV02283CL0PPELJQ81CMVTCBFS6EGZ60AU2L7DCPL4Y310E8YNQGFD58VRORX5BGB2AIADZGSQ1SGL3NTKQQOETTTNF5AY1VYW5HDTMS7T0Q9X3RO2L7B3MTEMEO4CJW39NFX09VMST1W1OTXG2YR72BJ06YZY0XKB5LSX9083EULVGM2DHFP97TAQTRL2P45
242,2017-09-30,2003-12-27,967521874,625342609,46372845,131318948,976436458,26444583,1,5,W1IGI0O,5S36LLCUNFGMQ95RAVA9Q5LUX8N92RYCP6BU2X1KGEE3I5JQYZ177LL5Y5K3VQRQ1BS22ILAEZJXFCCP5QNBYPCHY2VFPK2HDK3HY8DKCGIYBFOX5O4VMP93Z446FL035IID14IOD1Q15KUHLIKV8CP62787I2X4OGRT3SG0CJS2Q1EMYKU5SB875G33BNL065GJ54BL
243,1998-02-13,2016-10-19,148940983,653675872,41417529,350649857,580582762,498697040,8,8,YHZG187,FZ6091QRAHK4IRI42H9IIM9ZQM0UFLYIESTKCEI6W9Q14UGT6SFSOHU9J2A2TWDJC5B9LB0IE4GERBP9W3VAI9UUWCSLIB4GNRDRZEXP1Q2IZ130Q021QWU97QLAFKUK3GO5LOFHZNBFI99VI759P1X3JTAN4I15PKA9KEQMRVWOUFESZBWG2YXT741LPESBEC17EF9C
244,1994-01-30,2002-03-12,592153080,167843954,78175134,562752892,958808898,661333721,4,2,D3HBQ31,4LZJ1NP1KTLALOFVGVLLKURE4WC1R665BC8L0ZXUUVO7N560JV38V7VINF5MYLRDRPEK9C0REBHSOI32L28SY2GLCCVEOAIUN6WPO8TQT37E73K1AIYO5CTNZLX7HX7GK5POF21MI630G6VRLS4FWVUDWI01CCWK7VAWG2RNTNF7Q28Z1W86QW7IASN0MLFD0GG0AW9Z
245,1991-12-16,2020-08-20,310361736,247951572,30352692,743965133,551218503,26295069,6,5,3OM26IG,J9M6L43AD2MP6QK3FH8Z3VQJGT67IF9VR1LD5O574F8VUFCBRWWOD8V9BW752G1N3DUOPL3QFSWDOSN5RZRT0Q40IIDM7E03P85KJB0PBOBV5YMQVWUYQXDLZNVHX5V53SQFEWULIOBD9IAZW5FEQDXD3ESI6WK58M81UL3QW6JKESALR0FWLGQJX8L5ZRR7XL9LPIEV
246,2016-12-17,1993-11-09,975261807,883607748,10551021,320514722,571517866,344879184,0,4,TW70NYE,OHYQ4BN32NBZKDQ12Z36DFM21OXKRN35XQJPGQZ1EKMKFGLDX7C6A204O5P19XU8JAA5M5O6YKZC3YPZS5PD4APE8AWOOJ6XTEV287S2FGJH2SGRAAIHOD8AWR3565MFBWFS0ZCGPUTK42UU7VF8L9ZYL69ZB28PUV1KF8ITASFGU9C5PGAVXOQFEDYQ4ERPHP9SNDIE
247,2011-08-25,2013-01-06,186011864,331992202,31655429,253997885,206106895,676684932,4,9,RGUH3YH,WKX0S1DWBRRRHA9AKKZVMVRCAH7ZWW9W9GEAIMYNJL8F9B9DH1MDUSCN2534T4XR15057Y3UVUKKYHGLBPTJC6DKVU06HTMKQBSL7QVPG9BQJLWU9UNV46ZR8Q6BPAEXD6NM544O2LMYU4HZ52ZMB3WXLEK9QP5BKA3Z5QO6HFUWFIZMWDHKL86P8HHFL2CM4DMVWW7N
248,2005-12-19,2016-11-23,275611992,592539728,2444745,104652786,293605900,395898426,8,2,MXEOC82,E3KHQV134M8EDUXUX3E7RPYPMGAO928EXDYG6PNAXFIKON1Y93P15VL82FQRKMQNGJ73N6LYKOODH47OBWGUS70DWKVOG3MTNJKLT8WU426FA6CKXO3NEORU0ODDEV79HSMYIEAJKQW9QAWOTIGPDEDOPOO652QYU7147ZKG6H6K31E1DDIFAO8XSAXPY1QZ0F80S67V
249,1992-10-23,2001-10-01,769393944,42202861,86352387,33734670,6659705,761411630,9,1,4WYWEYJ,4MXVZPW9526SZ4NT9HYJN3FYU09AK8HEKZ2AYE7CY3TJNRDM3ZIRMVJ0Z8OL2LNQPLHJE4U68DEICHEV9F8DV36Q9LNVTC07902JZTL929KNWPJOXEVSMII4YLYO9B0D8XH4JQUG14XQ5QWMD0SFGGY4KNICD619S838FASFHGNFS7WGS6QN3WDDDTBNMT30Q2XI9L67
250,2019-04-16,2019-01-22,910137113,224095877,13598439,663151474,482742192,716462152,5,2,XY1PJJC,JUCZ2W63OURRDCX9IEWP9P5NILGEHVKH10ISWT2DVOJQJGWRX8746FBZ0WTU53VYT2PDEL7QYVPGOJRHPI8LGC885BVA3LODGD7V9P0FXWZ7RK7QZJS6DYHN6LZTG9F0DYW17907I6C11MVB8CZKFRNG697ENGLOE8TNTVQHTFF93AXEGL3VKR5BJNW2U8MN8QV02B0Q
251,1996-04-16,2020-02-25,495447047,39056102,92497963,645778175,490584705,271376647,8,2,0D4LZXG,J6MAPV2GUO6S92N1EO44856LDF1TPPVN05Q7GY3X3BRJEAHONID77Q40G4MAZ2UZUTLCVE58BL9FNN055JWN16FO2J5AIXG0GYZSH3Y4L6QTC8ULTLO78RNCUZKZ1GJMA63HMNX4OQ4GFOOQ8VOEVQK7DGACZINXWLPIRNYIFR2EHVDIFRXT9E3OFRJBBIP6OP6PP4NE
252,1993-02-18,1996-05-14,324554941,876898627,34469665,480514347,953232221,440002412,2,2,2WWMG03,6BBG6A01PN1XWB93UGWN9O2GGYURMWMUGE26L73G00IV8XJT42PY7EV0MMZOZN6FFF4RVPIFZ6DFWC9MK18URI5RRC8CSXIPQUUN64XNB6WZJCS7UD7OWAXRK6A7PP54YKUSY1KSEU9VINLDOZA8MU0XKAMOF7S5T2JPURW6S8NRT60SKUJNUUU8ALTNB366YKA4HHW7
253,2017-08-07,2002-10-28,727329540,774906286,80300571,489674303,724054415,265874558,3,3,QV5GFY9,6J8G4CVI43AROSKE4LEYCPXTBPK5B42ASQX1ZUOCSZ8H1WBH5U9C5NIWUCVGQYBBMMI3K87V42ULW7SKU9VX2E0OH8UGXBE4VXGWZGQH05CJTZC6CTVWV4VXRA28NXQSYW775DY1SPTOWBLOYJDM164I0I47XSF0N5TWYK9YNPHZI1S1CDIH5A85IROVDVIWZ5BK1K0W
254,1995-05-22,1990-02-15,148782049,409131276,50248925,480074085,687966819,144880026,6,3,9XQTCM5,7205NOUP691YQBP5LJWE6TP88CK4Z4C2ZUFG36QD7NUB1X52MEU90ZRDLYQXXHWNW6904MDEYUP1QFUN87VT2U741IVY4OP0WWM8211IWUGS6BR7B20CZQ665OBNA6X8QO3W6MI52YN6IIU4MHA014CA41DNIV9XH9N3B2AAV9PT1ZLF78RW77WJ90GIZ8KHQBSJY6B8
255,2014-03-25,2012-02-03,469311515,406722078,4859702,861963700,632501944,619087308,8,2,G9DBCFR,CGUEWV5C6SWCAIM18JL1U3RH49QNNLF77LXYZJTB87R5H0DZMZXKQXDTX24PGS6JSP2336XVES3MFJM0J9CBYRTZ0CENGVT16EK3T9WM78C6NDQ99NF6VS8T9ITDX02RUVOWBD7K9FJ08CPOIX362Y7GGKTK0SGJIDEJZETER91EROET1XVLV2PNCFH43B155M6NNPD8
256,1991-10-04,1990-05-18,668835856,319559444,29285391,862274987,852883353,851673651,5,3,YF70DQC,XLLY3R16BZPUFHN6N2QRY8SENFQU7VGUDH21LR42W3HVZ7RDHMV7DUI1IHE759L5JKPRCPVM89VEJ069ZK0YE8XCDQVAF76BMKO5P4XXUW2UKKAHS566RQ8MSA2QNWY3YQB0P02WB2S1DG971IXOY5U0YU71TUMGSLQGI4YEX1J7PMXW2G7ZBCEYUWOGJXM7FONV2340
257,1990-07-07,1995-01-30,347757181,668468022,41798076,404629856,739833707,853623939,9,9,BPXFIIG,XKANZL3LN2IQCCKH01QTOWKXCHR46KK6WSVUVSNH8UYLFVVV5DTTJXA9IRJRDM85IQ5H3GA8MXAEKPGN9NJX4IACCRV4SXRIONG0SMHLOVDMSZZX64M3FG92YKFFNI8C1LEFPIA3KD30XIUZ993XNC42LVH0V3UQ5QYZPK9AOXPXHNUS41ZFXHQXLBFMBIU5Q1GCKB3N
258,2007-02-23,2006-09-19,160818635,725759113,38648273,982990805,476277419,214163029,4,8,7MH65CO,W2DIH9DQ8KLFD7DZ8MXR7SCRCGDUB03MZ9QH3BIF5LDEGWKT8CBES6C2LEFOE2OLM622LTZ4VXLLMO6269TGC1PLC67G04KIIX37OYU5PDS5OZ2ZMMEHRWT1H69Y768PNHATUZLN5Z4MNB2KKSNL222VH2U3P2YIDY0XW3Q6UB6IMHA1S7AGXHQFH4ZO05T5UTFTNEIC
259,2014-06-04,1999-04-21,681684853,868909348,95546987,14092793,746433429,183328221,4,9,D74A8L6,A8S73SSS8HFZBN2OV3CU3156YDSLIL29QXCMAVNTMZX82JBCNH7R2ZOX7T3DNWSMAVEULQKKAN6478IU8QW0GDTXVEWRZ0BP3F5RDS0EBCQGBSO8MCQBOJ25FZBSLH86ESOF2I8HVYIRQJIAKC60H4AVH5DUC0PC1PVNJUBKG3ITAY3IU5VUSE1UEW5IVB8CYIXUW2YT
260,2013-07-15,2009-06-07,468543217,800778928,37456513,507650510,478036794,942939040,5,5,AULAH3C,VHUFNUX7AS7MAYKMTC51TSZM5JUHV8ACHCK3U7O967OY3JE1543OROV2UADBTRCPJOQOIQ0LV0F6E4KY7MLQ6PLERZR5KV4MJ684JYCTYX2R16FXT2K3PJJRIH0WHW7BJA2QEI64OO0FT0EY32UNI27XY1KEGRLDWD7TBDQGGTKG4QRGVD7RL6FC7ZG1XZN94ZUSV2YA
261,2008-06-08,1991-12-22,612080278,46158894,61750530,857451662,72690069,516215149,7,4,P6O1DY9,XXPJZ7RCX1XRR1061MJI4D4S61L33J45PF22X2QXGMUNH0AO3C621K49TFFP1RRIALNCEAXOE5O3P1O4M1U2IK86JG4F5A8JUZ5NZCX4OW0FCHKQS525I7FTHOEFSWCNWGYJ4X42Q62WHK1IPGGC817KQYW7B1S7AXF1LDKGBK8DJ87T075BQKVQ23AIOHD9U7ICOFES
262,2007-12-12,2007-03-13,502828950,989960900,4870512,645840635,893965921,232055695,3,1,T6KRRFU,EDWUNV0C8TZKDFRRGRGM5WGMKQBJF2URBWHUGW4QYKHQHS125IO6N59Q2IEDHWU0GSDYYDTT74SS5BARR8D974AZDH24Y4LMUPG16DQFWVIYMSQYQEXH1KHK3XYU5SBOJDM7RNSR6F7XLXN7DIE78DEAOSP08VCY7D3IFK5E40X4G4ZG0JWEJNQ9UITOHLKMNKQ7LDM7
263,2015-02-18,2008-04-10,436462705,108387685,17197667,391374859,307090208,263669297,8,8,NYKPKQN,B7QMGRZFZ5I0ZMO8J5WF4LH3WCZIFEQFI497OV5BURYU2O7R19TSXIJVK1I26VQWS73ZB37FS7KUKO8VXOMYT6PQA5IJK1H64VKGGOFP23HNJOGQEMHQEJNZGYZC8GW5Q8GBMTIUD8O4ZAY5MEWJF5K5W5EBM5751P77TI968WIMLCHN18RXE63G80V8ACP99TIKDDY5
264,1997-09-01,2013-06-16,643644852,547072170,33170671,661584581,42744192,686498832,6,5,5LX9H6H,W2BA13ZC8BE0TNNQQEYB43IIX3Q5Y5HOXKZWVT0SKKQI7LFFPHYLTGUD3UD6D13KX51HG0UBSX0HVUUJV498NLACA6L3HTD0ZOA3ZLDC6DQMM86XSQ0XA9P8BPI2IL4UOXVG3807S6NIRHAIC4R4EQGRU1PO4RM4EK5S3382OKVX3GLKQ8AY5VNTJJQZSZGTX86ZML75
265,1999-02-27,2013-12-31,363625196,904609102,24286684,519252686,270021352,83357298,2,5,MVMYP9L,HRPRIGJWDZOOUYDQSQ9VSYTJP8J5ES91PXGVW5FH2KY3LEIJUNZG94GTU0XTZ13E1NZP5AQLYC107BELKYTD1Y7OGR6QBDMDCUVSRIDYCN1FUOTXC8BL651I70Z0U31IC1QO8FQ18MHM3VZTEXUCOGSRCKY8EP293Q9R9O7503TJCNJC6OLWHJK0AS1ZV07122N5PYR2
266,2020-07-26,1991-03-06,321089142,802441826,89728193,73666930,46382771,143193014,7,6,JRY4J05,AM9YXXK2OT1CLFD2BF2EYV732GE5YK0PGQVI61B1LW4MX7P6SXBPX79S7QL6A15VZY92CBYIR8HCWAZAMSWNZAX0BQGQMI2IEFYJVZ6WGC7782L7SD9QKJGNPNP5J7KO9TDVGKUYGLWCK0RGXLYSV2JDO3J6ML3M5LSJGBMZYXQG3R1C48Y4NVNWSKLOE76GCD2M5ZRX
267,2014-05-15,2003-09-13,747484670,823077450,38855591,638880977,506558985,62939194,2,9,86U0YZ9,UIHTI7RHY4KKGKY09W7WUUY2GT9BZFG3QBFJUVOREUQWJMV7V7UYHM1CLJHA50CA2ZMC8C91PBSRQ3XU9TIHFUCJ33FJNQ4LSPD44DD66BRB27WC6PUE5YP2UFFIKPNGGGV2H1CFSJ9CRMNQOXM7CF1NS91QW634FK3AUOB3G87VTMO1A37T49ESUODVEW3X0ZZMK1NS
268,1997-06-06,2012-03-09,709064864,37170956,97207092,313902258,15489676,393755462,3,4,0N0O0UP,LQ4QM5V7LQJ3Z634IDEYH5FX3F6UJFWTF0GFB4QG1C5CF818LIE63KORG99UTB47M6VJTXC28UNDCQOOXP7JX6YSZ8YBT4VPTW36MHSBVJ21BQGMKYF4WEICT80XMRHK4U8URIC1XX0J4RFAZ8AU1IFC7DMUZK9M4JWMQUG03IRE7ZDTK04WIAJ97IWGBSINJ31DSKIX
269,1999-01-14,2018-04-22,735710309,423551521,28423050,636759503,528642515,59758400,3,7,9ZAN9OB,4AD5LSHGKS2FXIUII1BE6NX3J81IHJSZ6TRTEGFJ1L2ZWP6H0IFIW8LKM1G7HILNQXGUDQDY9BSB2IDAL1C52FMC4RPHH8OI213VY5N77TO2PPURCD787XTSV4EMCN6MRJW10IUNXHFS3ECJE8LSG6RG6WG981F5JHP5WGBB3MQG364IJX4JPH97FXYXAPD3QFWJQ66M
270,2004-04-13,2014-11-27,55494690,870929870,61074235,623560023,210713032,767138228,8,2,ISOF08W,GP3TKUGOMXPUI0QXLQZO75OZI94Q36NR0X57H067NX01FGIV3EC03GPFT37HJI8DMBTD3IEVADQRCCMEOTW5RDBECHUN3THN42L8N2YUFU6GOQYYL6OV9ZP514OXCPYVAFF6R8OST1NUUZNLB9H0MCUTAKF8B3E2SBFT7CJRQS7OBXCI8NUI3H8W28RIVHWATV5KJKV0
271,2002-12-04,2002-12-09,824546046,973302763,88463004,203660980,707868525,138158596,0,8,R15ATV9,5LMCS5ACFGA536JQNV5BGKSCZ1G9L3BO7MU6ZDRGIG0RVKWUJ8BAZKGYYVE9WE26SL2427K0Y190F538EWICT85XZYOMYLTNDM9LZE9IEOS1KE1OTPQGSXZ1DHKJJWGC5VD0XH5SYOWS7XZFDJJCAWZ6FD97ECSCDR5D06ZN2GDP264SVP4221ONRBUFOHA60HL8Y1RQ
272,2008-11-03,2005-07-16,653551764,73709732,57016076,333939638,317355885,725504383,2,4,DI8OEEQ,CKZMR0SKBLZMR2YYLLSE0ZMHTYK5BV94XZPTO731C810IVFAK2Q6UN3W6Z7MMQXJYMW5072U8G2YFBRF1N1VR3OKN08E0PW0L2Y38UQCHJF617ZWBZ77AZP8BL4QTS0V7EZCAVMDUW9NOMAM28BFCBEGLXZRH4R5E241C7KZUL1VPXKTCXX2SUVARKZVVRHGCMBDG8AE
273,2015-12-08,2006-09-19,360902719,930567389,54356476,885519032,965838341,392518081,4,1,X5VL1KS,HJPPF9RSXAPOLQC269WQGXFEKIUO7S4SISIP6UMP59PEDNWXSJV1J4P4CW45TF7AFR4YK7NAIUG2DDILEUCAR68AH6ZZATP13T6O8G60TZWBK51ZI9OYR76VY4NMXLQSGIW1NLJZDANTU6493HKTLE5FDZV0A9GO9HJ1220S192HNR033FVNN1465N27WK214STSZUG6
274,2014-02-19,2016-11-04,328563846,401241666,80549959,268040016,640015067,366226320,5,1,9VN20PW,7O2X8FJLF71KFMVWTB14HP8D2HZX7BMFETF9T1DM0MK079BKZNELPY3JJY7M6MRDU36UXURGSI5ZT1R5QNLB0W2TV31GG6BNFVUE7AG551QFSL7G4YRASFV03YLAODFKY0HEHJDBUL0HCH91MHR2Z7I2FUUEFZAMV2PWEC4EHBI4YHN04TA3188GRX91TJYRSBLTAML5
275,2014-07-24,2016-12-23,923491879,585704972,29815196,263949759,525528928,532298783,1,7,4ZF7TIA,NHXQWA9KBQDWUOKCUIZW8ZGL3T7QE6HB8YRD2N08IY9NG7QHSBILLTBZAK9JOAM9U6HKB5TKM4EBFL5R00XU0GM98U1OA0PI3FH1VQZL19ILOO3B0YWQJHE3GXGGCPNEVOJY041CK37VQTAZKKZM9ALZM10X77I6HG9BS64KYBT58OWAMGCYKA4VG4QLJ6FH04EXY3IV
276,1993-04-15,1996-03-10,753021189,779875471,11835701,758808978,727266327,243235194,7,4,EU4CGGA,MXZBETTD4LI8I9UEU8DO2FRBFZJZDY4HWF33SSI5LBK8MSM3O1K4PG8E95WTN5GHD09YN781HSVPPR2M1ZZW8X674BCQAMSVDUJJ1TOXIDJMH2XKLYM29WRGG5K153O5JG39381FWEBGYA0SZ0OHA0HOZS9D33JX5AL9XH6PXMJGG5FMX7JH2SL2192XAQ0ZS4W1HCQI
277,2009-05-31,1995-08-26,292838580,430871514,80788086,328945064,780260451,953871745,3,2,XC6FIPE,JS1R07DOIKY4ZMRCI6K5BFHFBX3ADOV6V5UIRE74LFJ8M1B0E840OD465F0AA58WZL9SPDIX0EIEWIYDQ2XK2RVMD80FEVVHEYKHZ7BAJXQGM9B2ZCOJ1HSJ67V4U1L31YSOM0SWL25120X7S6G8ANBFOKBW22I3F4GSDA8CYXEIBTBOEXVVM3AYMGO3Y62CW0H0Q124
278,1995-02-07,1999-10-27,687408852,470846671,9526681,230254343,404380123,226792954,5,4,7X5R38G,7DSNK4XCMTRBB4HWSN3TE8M3TZD2FLWVLO56ODE1MH84Y4KHVRL29AMFEL619O2D0LJMOB9X0ODSSN98BWVK3WIDLO29N592WLCTCANOXNTI6W14L44KT13WOVDO127Z6B3XRSVC690DE5457GV3L44S0LDF9XDZ5L06TPSRH01JDQZ250EY7UNIF3BC8HJSBNQ9X2PH
279,2012-06-07,1996-09-22,788019384,448355850,80761429,406168121,282656077,176566640,8,5,MR62U28,VJ2MMMELOHR0VFHD5TSEHEKDDMA982WK01QX47L5HAJP9EHJKWHU9ZCA39BF7R6OW6KLFLNAU36060WV7JWQ9PCV57W2DZ0R6SFYEQT933HY0BPF77M0D6NI2EVBZLZNS59C5RGJ23QNV3ITBLL8FTNG6KNJLLHDKNBO1UTSGTQJ51TW4ZJI14O67XC2GE9BW9MICEEP
280,1997-05-11,2010-09-24,485995277,715127673,37468407,239627291,24062538,123076077,4,1,CRERK9M,KCD7RYJN0QY6Z23L5CR1UKX3HV0D8KMZF429GBG6P2P8QSV65KZE856ED462MD7H54BVNP2ZFROVAERTA0DFR90YNRPWO21GRRJHM9OTUXYSGBN632SH3822276MFRGEUMSNRODM5T7IMU2J98WEVUYP83XR9MP2LX4DW6X4W6YNYS0L3WZ1E79BEE3BPKD5AID1D7P4
281,1990-09-24,1995-12-16,353609214,530326629,1692718,471423590,950219494,380847907,0,5,MZ8VUUB,5JA8CIX1VUD8OZX2FF25IN3SRXB9BALN1U4ZOOOL3AJZZ2D0OR018NHBDKO8VGGNGHU1ONN7E1MT4GP2WT15E31K0KUMFGVY51DBQJFUIY1VB7D615SA95ETEMJSI7YPRZQGKP9HDTGJAL3T35GVL42I2Y5U8SOICD21NTA9SLKASL6X8L13HJSPEMT4DG9XQHPB8G1B
282,2010-01-29,1992-04-19,363488099,642463111,30166619,906384197,323854604,952246695,2,7,A52X171,WPYJM7KW62W3YF9O28NRVMTTNWZVRHO6JRCS9A0X1PY48OZU6UVD2C7YVJA5CN5PAC9ENKRLAG19K8P51W1IL63JWYSTU1WWEAVJDG2CP7R62HJGANAGNZSB763LWW06EA8D55OOGBRZ4N3PPPQUPBOCYBIBRYHOOGVJTXIKBM3XFM2OXJQOSQ7BPOWUAALH1DK1UOQP
283,2020-11-25,1993-04-20,7140390,355332860,36177974,925216235,533812496,929197827,3,7,G476SSI,1FHR3K8LYL4CG5LE2BNA724C0D7L71KI04LA5WD2HU6MC9I0Y47OC9X9XZQAIZFWYHH61HR7Y3U4NJHLU4O9ITAX6DGKO34VI3CJXS84TFJDKWY0MQHTYZSUDL4XWNLIQ29E738FHJITBH20KR8RZVTYX4KNY7W4JCWXFG7FK7Y7UHQA8BH6E6PSILPXIXFWUFXR7J6W
284,2015-06-25,2016-09-24,730884470,616847410,8198705,862333381,303715666,720589433,0,1,F1QKP5G,5K0LLW7Q3JK1IRDKLV2T2XBOEUWPOL55NJL64NF4LCOF71ZH256LYER6ZZ9SB8GNYXWJ5EI3CA6AJRFR1CCIQPF7YR8I6KIMK466XLVUR8EJ6ZP6KXBUQI2RNF3TWF1KBTYCQ1X6HLKCIQKR9WB7ZA3MSLSLP85HCL600X5XPA7C5849382ZC74HE7508FG373XP66HT
285,2011-06-30,1994-07-13,297586660,768579483,19599726,157602565,349268851,128047230,1,3,LFLCQHT,DF4GCE94UN1JHWP59NOQGKLUKAQ9DB2Y862Q7QO7T4JLVQIZ7Z68FFCKMDLO6GJM8VIJRHBXY5MIK7J9C64IAAYX39RVUOZDFJSSRX8786Z166U42W8A2EDBKO3DY94JHT4CP8SK6AALWRKNWOV7ZZR7PJWMB6S4GFM7AU94N1BEDS0ZZLAADW6K60DQBN3KV07UQ884
286,2001-01-12,1994-05-30,381110934,419922607,85076204,174674148,727735183,827635356,5,1,84GVL2Q,WGVCBBO7UM8X0RLYUZT77TS5N646TSRA9HYY85QBK8AU7PPYR1RYCBM8OWD7OJYDRAI7IIE9G0V3RD0JTRPFAHL0RX2GEX6Z7131RNVJP4UO98O1GEPWMGH5R2G9BC2N16PJJBUYJZXDFR77HEKI61TKQZAAB95C02P758QOSKBU523310F3Q1Y39SPCY6T23CMA0JYW
287,2018-06-14,2003-08-02,273047659,835841254,15123160,810205724,794225162,882533647,1,9,FDBPKNY,89OI1YF2L62DNDL8B4KMRH30GA80AGFBGG9ZHGMUXW51OO9QYEMK6HPVQMVXPJ9AC55Y8MLW3UPZCZVS9JG6C5UPSKV3T1PV63XTNA1K7EP2WQ29DDJ7UWYWUE0B45TYD1FICW2W2MAHOA575OTOL8Y3KJ3ZVNSHHWFL2A76QWAIBLXH5NOQZ0IJ028R9DTGDMGY287N
288,2013-09-10,1998-05-01,890823420,696893305,27405529,177729259,326012082,741120709,9,2,F93ZAYF,L9SNFCWYBOZEE7DF148T8NP11W3NXQ7VH80CG6US3IG4540YT05BS6PJ3LZXEM5GXIUQUXNMFCLZG7RLUZ5LWEGKW1WME3QN2ZQZANJYSB6SQEM4DF4PECN3B9GQ9OWD2RNW97BV4Y8MQLJ6CSKN8HMU4QZRFB5T90AJ2KIEJUTGCIFA8P2ELSFV2PVWAH2GGYFXL5K4
289,2012-07-08,2007-07-09,725558983,401699749,54187708,941611851,32118614,733266029,8,5,4Y0HURB,2U3C7486T2KTL92EVAB8OA0D7IO7JD2T26S5H1Y3HCPEGBEOK8MX0L7EAHR2AL0T2003MKKXCXV7H1XZMNLOEUCH3N2LMI0250Q2ZMFQ2FVSK1QCDQ79CD0MCWL8ANHCSTEGJ0EFF52FXWU6VRKRZD8J1VO4BU2JABQRSW0MCTD0K2T5MM05SICNGMY359QGAYJJPT5F
290,2006-08-24,2018-09-20,345693039,626949191,54798141,585768103,468439515,490523750,9,5,ETWE5HV,73E7I0WRWMA0DTG7J2A7S00SG78OUMOFRFATU4KE9HR43M7QPEQDU4X86B149WXZCGX15XGTDOI0KHXAWLAKISBZZPEPEWAV7S4B4LFHPGA2VXQS4T53YYYILMT8115D1SKOPE14LELOYUZ0OP78NIW1ZTGOOYEYKKM3RCKKBSMZA0QOAKXVSXQIMJTTJYSDKBJXWS9Z
291,2007-10-01,1999-04-26,400538603,516558341,70144201,806491460,948159412,850127018,4,9,98535JQ,OXOQURMUEHJZ8URZJCEGCIO1LFISSU1WE19SEGNPPLJ5529KF2V61O736QE6KAMSTNVB9GPAG2TEJVG2VZF51XWEQH895ZDOEDIGEY38FNOWFRO0L1UYIVDRBZ6V6GBYJUE29MRA7XZNT5194FJC5KNDZ2TTPMQH3R9IISIVKJ4L42Q6JQZH5LO5DTMJZG7L4C2VDIRX
292,2016-01-27,1998-09-22,77436042,20462522,35272824,764417560,406572161,72212075,9,5,961PR9A,SA4251H44SLJ4U5OJ1SVD0SGB34Y4XU0RQUQL3W83NHYIL6EMD9GM574HCU2MGLZFTRB50UIK8V8PMIM70GAHYSEFPFUZX8KKVS28IH9MC8PZD6I0M75GY1H6CIVTPLLW1M0P5Z7IFBQFBHQ2L95KNK5DIXSK67X8NSPHR1HYTCTJSWJGVSSL5WKPUJKKO9FUV9I4NKO
293,2009-02-14,1991-07-13,87578620,781536059,39105497,961878661,357101850,966259132,3,3,2ATQ02J,VR6M8A0O6500EU6I7KU1T5C8WI7MLTQSPMHU51MIA5WCRJLBMWCEXGQD9TIWADTQ99BAMDREQ7V6VZ9MBP6NGH91NE73CB07Y11HT6ACDSGZ05JP9511I95KFXOHACDHSHJIADS2A337S5B33RDBI9XRBGG1FYS5QVGQ8HL8CWRI2CIVQQELZACJC64E0BRV1N8QJUO3
294,1998-01-09,1993-02-21,936593205,148215439,5859660,129369781,119782261,770197188,9,9,2KOKRZB,OVEGX06ECI0LS1A5598Z9MMKW98PKEFUYOJIM9LH643404PEWMLF6H1Q046I563G9QLGWVS068TWRCRIB157I109Y9V307RHQF7GDHH538QJU5OSCV33B32WV4DMIMTRR3ZSGYR2Q2VJYMAST716E2RJH7IYE5MMOMSYNM0MEVY1SROXDADDIZ2C2MBSSUC66ECBTO41
295,2014-05-14,1994-04-07,122115290,735613078,63694480,129100285,492306288,638330727,7,6,13A60A1,Q8HORDSI0470PND8EMKKSG3KB8NTSM18VNMUSKNMH0XJKCGTS02BAZX0LEZHH9W11J8FF3ZJB2CNV0EGPZESROFPGL5QYYCBAHB7KHIRJ933DJDFTF00WLO43912JPBTLGGCDIF045NWU2LKBMBVJ536S93G2FIQPZZ7VCN62GQYOXPF7Y1B7B4S5JGIYM9N9OOH170T
296,2001-08-04,2008-03-16,214845886,374970736,17417904,101564696,279182608,962750379,9,1,08HUDLF,1UGJ4MOZ2MP7LK7WMYDS4JOD5J8AR9Z0ZVGRQ9B13S1K48BRK28SLMX9OHDBIFVQZZ2WN822YK9RW8K3POKU0KX7UBDIL916WABMZCJOC3OPSCETIR5NESFSBRSH13DESAEAGUVBLR9XF8AQ19O06EBYVENXXMNJC87D9VCBEV9MP31STZ5HWF7D7TBLZSKKBRI8PUTG
297,1997-03-01,1997-12-18,807642843,183327487,10256170,966861061,27216830,983902706,9,4,Q32HXVW,5AFDLJWB490KWYTNUI4W98YN809GCQ0RI4VVP6MSJDYXD1WGJO7Y0WZ9QSM35TRWXGR35RXFM3DLMSQ4NFVV9QCAQW0EW6LWRETUQMKAOPJGR8COAXY12AHG11F0OYBQXTEJTQ6701HQP74TVGMECZWO0ZGD97DXXHO5I1SDO0BCSYXTFY9FJ9S94UZG0EL4ZKFZEB1M
298,2008-02-13,2002-12-13,93685576,160656168,99250785,850808589,296499435,415063832,0,3,MB1LQZR,MJC5141N2HH59HYAWSLEGB06SSOMN31435LACEPFGI499X32XCWTVQZFWVAR5UUJTR5N519SYNNETA6M31UCL64XZGN03YE0PJXSNHO2W4RMT1KR1A0Q0AW5KGPYGKS5TRFNAR8WD43145LC9I1P2VO030DC4RLA7ILTKEAZ06YIGUQAEWKTYUDFQU8DJGIZMCF5NQTI
299,2016-08-21,2000-03-04,207758717,433363421,38396270,810902710,142403185,860029467,2,8,GFWCGTC,AESS0WSCTPJULLW5Q5WTIM943ZHXT8GKESDC1ZQAMCA1SCQO3ZOQU8VMGWLDSHGZDSG5ZNI8I9IIMG7X5PAPVNBPVCK4UNOP1BEJWO5OUAPS126NHQ17TEF30L4NPDI73MTB94PY961RSZVWJSHBVJGHV46FAMWOGE6147SW6QSNIWSKKLLFWLELX8IHXHN25XN4ORHR
